id,label,longitude,latitude,class_n,start_date,end_date
1,Clear_Cut,-61.27557189,-12.52146724,10,05/01/2022,23/12/2022
2,Clear_Cut,-62.18172117,-9.87829605,10,05/01/2022,23/12/2022
3,Clear_Cut,-63.79384243,-8.725397172,10,05/01/2022,23/12/2022
4,Clear_Cut,-62.04715882,-9.169262791,10,05/01/2022,23/12/2022
5,Clear_Cut,-62.67369604,-11.01375121,10,05/01/2022,23/12/2022
6,Clear_Cut,-61.8960018,-11.29103315,10,05/01/2022,23/12/2022
7,Clear_Cut,-64.06948331,-10.2166752,10,05/01/2022,23/12/2022
9,Clear_Cut,-63.97641555,-10.08569196,10,05/01/2022,23/12/2022
10,Clear_Cut,-62.52153381,-9.154433839,10,05/01/2022,23/12/2022
12,Clear_Cut,-60.85249954,-12.81138664,10,05/01/2022,23/12/2022
14,Clear_Cut,-61.6166457,-12.32295838,10,05/01/2022,23/12/2022
15,Clear_Cut,-62.40085337,-9.773945546,10,05/01/2022,23/12/2022
17,Clear_Cut,-62.40982769,-10.49375571,10,05/01/2022,23/12/2022
18,Clear_Cut,-65.17602603,-10.32526383,10,05/01/2022,23/12/2022
19,Clear_Cut,-61.85313389,-11.0478325,10,05/01/2022,23/12/2022
20,Clear_Cut,-66.36586033,-9.763502839,10,05/01/2022,23/12/2022
21,Clear_Cut,-62.7744308,-10.84041168,10,05/01/2022,23/12/2022
22,Clear_Cut,-61.34048443,-11.16524536,10,05/01/2022,23/12/2022
23,Clear_Cut,-62.07658888,-9.909667044,10,05/01/2022,23/12/2022
24,Clear_Cut,-62.91035985,-9.543612644,10,05/01/2022,23/12/2022
25,Clear_Cut,-61.07322503,-12.45129051,10,05/01/2022,23/12/2022
26,Clear_Cut,-65.0732149,-10.62426242,10,05/01/2022,23/12/2022
27,Clear_Cut,-59.92114371,-12.29926678,10,05/01/2022,23/12/2022
28,Clear_Cut,-62.49545942,-8.956621163,10,05/01/2022,23/12/2022
29,Clear_Cut,-60.42742555,-13.36136282,10,05/01/2022,23/12/2022
30,Clear_Cut,-60.46701717,-12.98796778,10,05/01/2022,23/12/2022
31,Clear_Cut,-61.85659125,-9.553661591,10,05/01/2022,23/12/2022
32,Clear_Cut,-60.72148358,-13.27955598,10,05/01/2022,23/12/2022
33,Clear_Cut,-64.44888749,-9.365912969,10,05/01/2022,23/12/2022
34,Clear_Cut,-65.2417631,-10.11037309,10,05/01/2022,23/12/2022
35,Clear_Cut,-65.01334789,-10.67540844,10,05/01/2022,23/12/2022
37,Clear_Cut,-62.50856415,-10.88200109,10,05/01/2022,23/12/2022
38,Clear_Cut,-62.3069586,-11.74226017,10,05/01/2022,23/12/2022
40,Clear_Cut,-61.35338984,-12.33073033,10,05/01/2022,23/12/2022
41,Clear_Cut,-62.36737489,-10.86411941,10,05/01/2022,23/12/2022
42,Clear_Cut,-63.51740044,-8.920190937,10,05/01/2022,23/12/2022
43,Clear_Cut,-60.23545078,-12.60458863,10,05/01/2022,23/12/2022
45,Clear_Cut,-63.12679184,-9.36741586,10,05/01/2022,23/12/2022
46,Clear_Cut,-61.76003179,-11.34524195,10,05/01/2022,23/12/2022
47,Clear_Cut,-60.58428076,-13.14669402,10,05/01/2022,23/12/2022
49,Clear_Cut,-64.94420058,-10.75729565,10,05/01/2022,23/12/2022
50,Clear_Cut,-64.24631641,-9.555182202,10,05/01/2022,23/12/2022
51,Clear_Cut,-63.23832114,-12.11388127,10,05/01/2022,23/12/2022
52,Clear_Cut,-62.8621387,-11.74243833,10,05/01/2022,23/12/2022
53,Clear_Cut,-63.54694912,-10.02226137,10,05/01/2022,23/12/2022
54,Clear_Cut,-62.53085843,-9.290866376,10,05/01/2022,23/12/2022
55,Clear_Cut,-60.97958977,-11.23935919,10,05/01/2022,23/12/2022
56,Clear_Cut,-65.19418178,-10.33495624,10,05/01/2022,23/12/2022
57,Clear_Cut,-63.8281994,-9.018150088,10,05/01/2022,23/12/2022
59,Clear_Cut,-63.80490768,-9.738257881,10,05/01/2022,23/12/2022
60,Clear_Cut,-62.08831191,-10.0943744,10,05/01/2022,23/12/2022
61,Clear_Cut,-62.54788238,-11.21173607,10,05/01/2022,23/12/2022
63,Clear_Cut,-61.93647868,-10.58085497,10,05/01/2022,23/12/2022
64,Clear_Cut,-63.64622744,-10.24220057,10,05/01/2022,23/12/2022
65,Clear_Cut,-62.32410917,-11.73553087,10,05/01/2022,23/12/2022
68,Clear_Cut,-61.73880248,-11.44349588,10,05/01/2022,23/12/2022
69,Clear_Cut,-64.26382745,-10.03906114,10,05/01/2022,23/12/2022
70,Clear_Cut,-61.3387143,-11.6307104,10,05/01/2022,23/12/2022
71,Clear_Cut,-64.81633861,-10.1613756,10,05/01/2022,23/12/2022
72,Clear_Cut,-66.44686869,-9.58774392,10,05/01/2022,23/12/2022
73,Clear_Cut,-61.86323043,-11.85722405,10,05/01/2022,23/12/2022
74,Clear_Cut,-62.45090599,-10.66005559,10,05/01/2022,23/12/2022
75,Clear_Cut,-60.87257961,-12.93148858,10,05/01/2022,23/12/2022
76,Clear_Cut,-63.2593718,-9.474159159,10,05/01/2022,23/12/2022
77,Clear_Cut,-65.16323948,-10.72474172,10,05/01/2022,23/12/2022
78,Clear_Cut,-61.63281997,-11.33395161,10,05/01/2022,23/12/2022
79,Clear_Cut,-62.51177051,-10.06201241,10,05/01/2022,23/12/2022
80,Clear_Cut,-61.70893713,-10.9520041,10,05/01/2022,23/12/2022
81,Clear_Cut,-62.53584715,-10.99486396,10,05/01/2022,23/12/2022
82,Clear_Cut,-61.78944558,-11.39053128,10,05/01/2022,23/12/2022
83,Clear_Cut,-64.04965276,-9.589727687,10,05/01/2022,23/12/2022
84,Clear_Cut,-62.77370294,-10.84881137,10,05/01/2022,23/12/2022
85,Forest,-63.93829731,-8.798231977,9,05/01/2022,23/12/2022
86,Clear_Cut,-61.46758047,-11.86651427,10,05/01/2022,23/12/2022
89,Clear_Cut,-62.61058231,-10.89149529,10,05/01/2022,23/12/2022
90,Clear_Cut,-62.04614714,-11.31825575,10,05/01/2022,23/12/2022
91,Clear_Cut,-62.70695618,-9.556686394,10,05/01/2022,23/12/2022
93,Clear_Cut,-60.47801227,-13.26857547,10,05/01/2022,23/12/2022
96,Clear_Cut,-62.13956399,-11.64761817,10,05/01/2022,23/12/2022
98,Clear_Cut,-63.03664468,-10.07865762,10,05/01/2022,23/12/2022
99,Clear_Cut,-63.87790251,-12.03421207,10,05/01/2022,23/12/2022
100,Clear_Cut,-61.47140141,-12.73612103,10,05/01/2022,23/12/2022
101,Clear_Cut,-62.77588653,-11.15675475,10,05/01/2022,23/12/2022
102,Clear_Cut,-65.22497505,-10.65359196,10,05/01/2022,23/12/2022
103,Clear_Cut,-62.16389792,-10.68460938,10,05/01/2022,23/12/2022
104,Clear_Cut,-60.44416648,-13.3027551,10,05/01/2022,23/12/2022
106,Clear_Cut,-61.97694198,-11.40691661,10,05/01/2022,23/12/2022
108,Clear_Cut,-63.42532534,-12.20276636,10,05/01/2022,23/12/2022
110,Clear_Cut,-63.48683005,-11.97875259,10,05/01/2022,23/12/2022
111,Clear_Cut,-62.66343117,-9.762289191,10,05/01/2022,23/12/2022
112,Clear_Cut,-63.50812015,-8.985080598,10,05/01/2022,23/12/2022
113,Clear_Cut,-60.90799935,-13.40544203,10,05/01/2022,23/12/2022
115,Clear_Cut,-63.86714025,-11.96255372,10,05/01/2022,23/12/2022
116,Clear_Cut,-65.28238896,-9.786811895,10,05/01/2022,23/12/2022
117,Clear_Cut,-60.35391104,-13.26609594,10,05/01/2022,23/12/2022
118,Clear_Cut,-65.22933231,-9.949719256,10,05/01/2022,23/12/2022
119,Clear_Cut,-63.01175734,-10.34506082,10,05/01/2022,23/12/2022
120,Clear_Cut,-60.44234681,-13.27282605,10,05/01/2022,23/12/2022
121,Clear_Cut,-62.78462093,-11.15871854,10,05/01/2022,23/12/2022
122,Clear_Cut,-60.66343624,-11.6508497,10,05/01/2022,23/12/2022
124,Clear_Cut,-61.15738516,-11.2754614,10,05/01/2022,23/12/2022
125,Clear_Cut,-64.07822151,-12.13339377,10,05/01/2022,23/12/2022
127,Clear_Cut,-61.33671035,-12.01230446,10,05/01/2022,23/12/2022
128,Clear_Cut,-63.83077578,-8.686818428,10,05/01/2022,23/12/2022
129,Clear_Cut,-60.5677218,-12.39868992,10,05/01/2022,23/12/2022
130,Clear_Cut,-61.6225822,-11.38428782,10,05/01/2022,23/12/2022
131,Clear_Cut,-61.92792216,-11.00228742,10,05/01/2022,23/12/2022
133,Clear_Cut,-62.14810175,-10.559334,10,05/01/2022,23/12/2022
134,Clear_Cut,-63.11830017,-8.812119811,10,05/01/2022,23/12/2022
135,Clear_Cut,-63.5601626,-8.634612429,10,05/01/2022,23/12/2022
137,Clear_Cut,-62.69207198,-9.721749163,10,05/01/2022,23/12/2022
138,Clear_Cut,-60.56419656,-12.50969298,10,05/01/2022,23/12/2022
139,Clear_Cut,-62.89489269,-10.35283168,10,05/01/2022,23/12/2022
140,Clear_Cut,-63.31147852,-9.433677319,10,05/01/2022,23/12/2022
141,Clear_Cut,-63.1398292,-11.70187508,10,05/01/2022,23/12/2022
143,Clear_Cut,-63.65236763,-8.818914574,10,05/01/2022,23/12/2022
144,Clear_Cut,-61.9560395,-10.64929828,10,05/01/2022,23/12/2022
146,Clear_Cut,-60.55377071,-13.09409877,10,05/01/2022,23/12/2022
147,Clear_Cut,-63.77409195,-8.954015688,10,05/01/2022,23/12/2022
148,Clear_Cut,-62.32897656,-10.12236934,10,05/01/2022,23/12/2022
149,Clear_Cut,-63.73151774,-10.15212264,10,05/01/2022,23/12/2022
150,Clear_Cut,-60.41923705,-13.38420004,10,05/01/2022,23/12/2022
153,Clear_Cut,-64.58840914,-9.950488339,10,05/01/2022,23/12/2022
155,Clear_Cut,-63.58964118,-11.88848941,10,05/01/2022,23/12/2022
156,Clear_Cut,-61.66326077,-11.60691792,10,05/01/2022,23/12/2022
157,Clear_Cut,-61.72452709,-10.91437224,10,05/01/2022,23/12/2022
158,Clear_Cut,-61.7206622,-11.71892041,10,05/01/2022,23/12/2022
159,Clear_Cut,-63.71719977,-10.22589217,10,05/01/2022,23/12/2022
160,Clear_Cut,-63.67771302,-9.836524209,10,05/01/2022,23/12/2022
161,Clear_Cut,-66.20354881,-9.663582445,10,05/01/2022,23/12/2022
162,Clear_Cut,-62.91491026,-9.527448724,10,05/01/2022,23/12/2022
163,Clear_Cut,-65.30533347,-10.62275195,10,05/01/2022,23/12/2022
164,Clear_Cut,-64.04619539,-10.17950806,10,05/01/2022,23/12/2022
165,Clear_Cut,-61.0422907,-11.22494431,10,05/01/2022,23/12/2022
166,Clear_Cut,-63.40749261,-10.48222487,10,05/01/2022,23/12/2022
168,Clear_Cut,-63.19823102,-12.11435762,10,05/01/2022,23/12/2022
169,Clear_Cut,-60.88761909,-12.51187458,10,05/01/2022,23/12/2022
170,Clear_Cut,-60.26256381,-12.85201635,10,05/01/2022,23/12/2022
172,Clear_Cut,-60.39912872,-12.02654406,10,05/01/2022,23/12/2022
173,Clear_Cut,-62.50554361,-10.08596159,10,05/01/2022,23/12/2022
174,Clear_Cut,-61.86386992,-10.30073716,10,05/01/2022,23/12/2022
175,Clear_Cut,-61.71308548,-11.69846069,10,05/01/2022,23/12/2022
176,Clear_Cut,-64.60155747,-9.441670917,10,05/01/2022,23/12/2022
177,Clear_Cut,-62.18358524,-11.6007661,10,05/01/2022,23/12/2022
178,Clear_Cut,-61.19996178,-12.68704501,10,05/01/2022,23/12/2022
179,Clear_Cut,-64.29476177,-10.28927878,10,05/01/2022,23/12/2022
180,Clear_Cut,-61.9048034,-11.25187141,10,05/01/2022,23/12/2022
182,Clear_Cut,-63.20992128,-10.46993694,10,05/01/2022,23/12/2022
184,Clear_Cut,-63.0113468,-10.0161269,10,05/01/2022,23/12/2022
185,Clear_Cut,-64.17320808,-10.19383592,10,05/01/2022,23/12/2022
186,Clear_Cut,-60.12608886,-12.59517666,10,05/01/2022,23/12/2022
187,Clear_Cut,-60.38529049,-12.93826069,10,05/01/2022,23/12/2022
188,Clear_Cut,-63.93226332,-11.95184382,10,05/01/2022,23/12/2022
189,Clear_Cut,-61.77411605,-11.4855555,10,05/01/2022,23/12/2022
190,Clear_Cut,-63.51576274,-9.118777678,10,05/01/2022,23/12/2022
191,Clear_Cut,-66.37948238,-9.628592635,10,05/01/2022,23/12/2022
192,Clear_Cut,-62.56010679,-11.03900229,10,05/01/2022,23/12/2022
193,Clear_Cut,-63.01674718,-10.58816689,10,05/01/2022,23/12/2022
194,Clear_Cut,-61.61293797,-12.40988621,10,05/01/2022,23/12/2022
196,Clear_Cut,-61.9119091,-10.67844832,10,05/01/2022,23/12/2022
197,Clear_Cut,-66.49200014,-9.669695485,10,05/01/2022,23/12/2022
198,Clear_Cut,-60.69127713,-13.5156931,10,05/01/2022,23/12/2022
199,Clear_Cut,-62.00416617,-9.086076807,10,05/01/2022,23/12/2022
200,Clear_Cut,-62.19159177,-9.958599106,10,05/01/2022,23/12/2022
201,Clear_Cut,-62.39004051,-10.27074528,10,05/01/2022,23/12/2022
202,Clear_Cut,-62.88324683,-9.688037622,10,05/01/2022,23/12/2022
203,Clear_Cut,-63.55106426,-9.610899033,10,05/01/2022,23/12/2022
205,Clear_Cut,-62.6867229,-9.393202103,10,05/01/2022,23/12/2022
206,Clear_Cut,-62.11658653,-11.25797545,10,05/01/2022,23/12/2022
208,Clear_Cut,-63.45898916,-11.96557996,10,05/01/2022,23/12/2022
209,Clear_Cut,-62.14136287,-10.23288309,10,05/01/2022,23/12/2022
211,Clear_Cut,-61.814375,-9.202851852,10,05/01/2022,23/12/2022
212,Clear_Cut,-64.01362337,-9.866285264,10,05/01/2022,23/12/2022
213,Clear_Cut,-64.52713313,-9.610001969,10,05/01/2022,23/12/2022
214,Clear_Cut,-61.28212269,-12.94088196,10,05/01/2022,23/12/2022
215,Clear_Cut,-60.54170058,-13.05258419,10,05/01/2022,23/12/2022
216,Clear_Cut,-64.29893174,-9.999752862,10,05/01/2022,23/12/2022
218,Clear_Cut,-60.78453876,-11.33017165,10,05/01/2022,23/12/2022
219,Clear_Cut,-61.13690612,-12.71016476,10,05/01/2022,23/12/2022
222,Clear_Cut,-62.18303934,-9.635477662,10,05/01/2022,23/12/2022
224,Clear_Cut,-62.06021188,-12.43298813,10,05/01/2022,23/12/2022
225,Clear_Cut,-60.73476714,-12.90611993,10,05/01/2022,23/12/2022
226,Clear_Cut,-63.54442741,-9.925884831,10,05/01/2022,23/12/2022
227,Clear_Cut,-62.16466071,-11.24618332,10,05/01/2022,23/12/2022
228,Clear_Cut,-62.32606509,-11.63659194,10,05/01/2022,23/12/2022
230,Clear_Cut,-64.68020666,-10.01859844,10,05/01/2022,23/12/2022
233,Clear_Cut,-61.85276996,-9.287444787,10,05/01/2022,23/12/2022
234,Clear_Cut,-64.77518151,-9.783130276,10,05/01/2022,23/12/2022
236,Clear_Cut,-60.84380762,-13.07168561,10,05/01/2022,23/12/2022
237,Clear_Cut,-63.27411109,-11.91484153,10,05/01/2022,23/12/2022
238,Clear_Cut,-61.28157679,-11.75312763,10,05/01/2022,23/12/2022
239,Clear_Cut,-62.63395314,-10.93618407,10,05/01/2022,23/12/2022
240,Clear_Cut,-64.65613894,-9.447087264,10,05/01/2022,23/12/2022
241,Clear_Cut,-66.3530361,-9.825042926,10,05/01/2022,23/12/2022
242,Clear_Cut,-61.89713228,-11.00981421,10,05/01/2022,23/12/2022
243,Clear_Cut,-62.52531852,-9.499106607,10,05/01/2022,23/12/2022
244,Clear_Cut,-64.11607057,-10.21246117,10,05/01/2022,23/12/2022
245,Clear_Cut,-61.91379208,-9.758824347,10,05/01/2022,23/12/2022
246,Clear_Cut,-61.52031445,-12.54152493,10,05/01/2022,23/12/2022
247,Clear_Cut,-62.07458725,-10.43534171,10,05/01/2022,23/12/2022
249,Clear_Cut,-62.09198085,-10.12146435,10,05/01/2022,23/12/2022
251,Clear_Cut,-62.08077411,-9.409000093,10,05/01/2022,23/12/2022
253,Clear_Cut,-61.82234497,-11.35746168,10,05/01/2022,23/12/2022
254,Clear_Cut,-60.81465048,-13.09140221,10,05/01/2022,23/12/2022
255,Clear_Cut,-64.35650235,-10.03270147,10,05/01/2022,23/12/2022
256,Clear_Cut,-65.09236123,-10.06666369,10,05/01/2022,23/12/2022
257,Clear_Cut,-62.18467704,-10.06468294,10,05/01/2022,23/12/2022
259,Clear_Cut,-64.12535087,-12.23513403,10,05/01/2022,23/12/2022
260,Clear_Cut,-65.03190848,-10.62587205,10,05/01/2022,23/12/2022
261,Clear_Cut,-61.78234888,-9.233386678,10,05/01/2022,23/12/2022
262,Clear_Cut,-61.5000526,-11.44941018,10,05/01/2022,23/12/2022
264,Clear_Cut,-63.79174736,-11.87000238,10,05/01/2022,23/12/2022
265,Clear_Cut,-60.5549357,-11.60147813,10,05/01/2022,23/12/2022
266,Clear_Cut,-61.56350788,-12.47896711,10,05/01/2022,23/12/2022
267,Clear_Cut,-62.86414034,-9.780939163,10,05/01/2022,23/12/2022
268,Clear_Cut,-61.05466443,-13.00170385,10,05/01/2022,23/12/2022
269,Clear_Cut,-65.04360771,-10.0321745,10,05/01/2022,23/12/2022
270,Clear_Cut,-62.55716268,-10.92957933,10,05/01/2022,23/12/2022
271,Clear_Cut,-62.60192646,-9.348317522,10,05/01/2022,23/12/2022
272,Clear_Cut,-62.51373877,-10.98101148,10,05/01/2022,23/12/2022
275,Clear_Cut,-65.74233278,-9.639695991,10,05/01/2022,23/12/2022
276,Clear_Cut,-63.95230063,-12.04140279,10,05/01/2022,23/12/2022
278,Clear_Cut,-62.22175914,-10.82918081,10,05/01/2022,23/12/2022
279,Clear_Cut,-61.90860925,-11.70385983,10,05/01/2022,23/12/2022
280,Clear_Cut,-62.24254242,-10.03171466,10,05/01/2022,23/12/2022
282,Clear_Cut,-66.02526417,-9.490491866,10,05/01/2022,23/12/2022
283,Clear_Cut,-62.06457762,-10.58984837,10,05/01/2022,23/12/2022
284,Clear_Cut,-62.46508758,-10.34871456,10,05/01/2022,23/12/2022
285,Clear_Cut,-61.81091764,-11.41157964,10,05/01/2022,23/12/2022
287,Clear_Cut,-63.37037143,-9.066131403,10,05/01/2022,23/12/2022
288,Clear_Cut,-63.001823,-12.05966137,10,05/01/2022,23/12/2022
289,Clear_Cut,-63.08268223,-10.29590321,10,05/01/2022,23/12/2022
290,Clear_Cut,-62.6774033,-11.70072837,10,05/01/2022,23/12/2022
291,Clear_Cut,-63.66479339,-9.695391774,10,05/01/2022,23/12/2022
292,Clear_Cut,-61.65815953,-11.61364629,10,05/01/2022,23/12/2022
293,Clear_Cut,-60.99694912,-11.28549085,10,05/01/2022,23/12/2022
294,Clear_Cut,-63.31668392,-10.47296872,10,05/01/2022,23/12/2022
295,Clear_Cut,-60.77771126,-13.02563841,10,05/01/2022,23/12/2022
296,Clear_Cut,-64.50117798,-9.270758583,10,05/01/2022,23/12/2022
297,Clear_Cut,-65.69681088,-9.668053209,10,05/01/2022,23/12/2022
299,Clear_Cut,-63.52595287,-10.0453324,10,05/01/2022,23/12/2022
300,Clear_Cut,-63.58563792,-9.677454536,10,05/01/2022,23/12/2022
302,Clear_Cut,-61.73857881,-11.63871087,10,05/01/2022,23/12/2022
304,Clear_Cut,-62.57298515,-10.21905546,10,05/01/2022,23/12/2022
305,Clear_Cut,-62.99661202,-9.621663616,10,05/01/2022,23/12/2022
306,Clear_Cut,-63.11616408,-11.75419654,10,05/01/2022,23/12/2022
307,Clear_Cut,-60.83260628,-13.41552049,10,05/01/2022,23/12/2022
309,Clear_Cut,-62.58266341,-9.129388851,10,05/01/2022,23/12/2022
310,Clear_Cut,-62.06858235,-10.06844541,10,05/01/2022,23/12/2022
311,Clear_Cut,-63.02936601,-12.16434686,10,05/01/2022,23/12/2022
312,Clear_Cut,-60.71329509,-12.73827218,10,05/01/2022,23/12/2022
315,Clear_Cut,-63.73017556,-10.05406764,10,05/01/2022,23/12/2022
317,Clear_Cut,-62.63455579,-10.2113191,10,05/01/2022,23/12/2022
319,Clear_Cut,-61.48792692,-11.80175871,10,05/01/2022,23/12/2022
322,Clear_Cut,-60.82884388,-11.67294779,10,05/01/2022,23/12/2022
323,Clear_Cut,-60.68126896,-11.65049327,10,05/01/2022,23/12/2022
324,Clear_Cut,-65.52098074,-9.670486981,10,05/01/2022,23/12/2022
327,Clear_Cut,-63.09697359,-11.79379441,10,05/01/2022,23/12/2022
328,Clear_Cut,-62.30946955,-10.01237166,10,05/01/2022,23/12/2022
329,Clear_Cut,-65.74056696,-9.633593643,10,05/01/2022,23/12/2022
330,Clear_Cut,-63.36348128,-10.03332983,10,05/01/2022,23/12/2022
331,Clear_Cut,-64.04054192,-10.04209451,10,05/01/2022,23/12/2022
332,Clear_Cut,-62.50337864,-10.95617576,10,05/01/2022,23/12/2022
333,Clear_Cut,-63.29121596,-10.16947818,10,05/01/2022,23/12/2022
334,Clear_Cut,-64.5597143,-9.523622804,10,05/01/2022,23/12/2022
335,Clear_Cut,-62.88268829,-11.95568072,10,05/01/2022,23/12/2022
336,Clear_Cut,-64.04892489,-10.26349593,10,05/01/2022,23/12/2022
337,Clear_Cut,-61.53466487,-10.88951313,10,05/01/2022,23/12/2022
338,Clear_Cut,-61.66498042,-12.47545477,10,05/01/2022,23/12/2022
339,Clear_Cut,-64.65032452,-9.712789977,10,05/01/2022,23/12/2022
340,Clear_Cut,-64.27947658,-10.11215853,10,05/01/2022,23/12/2022
342,Clear_Cut,-62.78662256,-10.2667189,10,05/01/2022,23/12/2022
343,Clear_Cut,-64.72426743,-10.38378629,10,05/01/2022,23/12/2022
344,Clear_Cut,-62.30885848,-10.86836299,10,05/01/2022,23/12/2022
345,Clear_Cut,-62.24414094,-10.19733181,10,05/01/2022,23/12/2022
346,Clear_Cut,-64.30567977,-12.29203459,10,05/01/2022,23/12/2022
347,Clear_Cut,-63.86641239,-8.916595604,10,05/01/2022,23/12/2022
348,Clear_Cut,-63.41255097,-12.03496333,10,05/01/2022,23/12/2022
350,Clear_Cut,-62.80281759,-9.832938358,10,05/01/2022,23/12/2022
351,Clear_Cut,-60.83120944,-13.01322819,10,05/01/2022,23/12/2022
352,Clear_Cut,-61.74377196,-10.79983963,10,05/01/2022,23/12/2022
353,Clear_Cut,-62.12808543,-11.27705741,10,05/01/2022,23/12/2022
354,Clear_Cut,-60.45190199,-13.03238972,10,05/01/2022,23/12/2022
355,Clear_Cut,-63.4511646,-8.690198713,10,05/01/2022,23/12/2022
357,Clear_Cut,-62.77852107,-9.836672813,10,05/01/2022,23/12/2022
359,Clear_Cut,-62.92746472,-10.99603558,10,05/01/2022,23/12/2022
360,Clear_Cut,-61.63768543,-11.70466615,10,05/01/2022,23/12/2022
361,Clear_Cut,-64.00674343,-9.801057255,10,05/01/2022,23/12/2022
362,Clear_Cut,-62.84472723,-11.06496014,10,05/01/2022,23/12/2022
363,Clear_Cut,-62.51847654,-10.7592146,10,05/01/2022,23/12/2022
364,Clear_Cut,-62.56543815,-9.622296772,10,05/01/2022,23/12/2022
365,Clear_Cut,-61.23562141,-11.76209767,10,05/01/2022,23/12/2022
366,Clear_Cut,-63.31123228,-9.69395683,10,05/01/2022,23/12/2022
367,Clear_Cut,-64.07949528,-9.689472591,10,05/01/2022,23/12/2022
368,Clear_Cut,-61.21497701,-12.93343336,10,05/01/2022,23/12/2022
369,Clear_Cut,-61.536512,-11.83364034,10,05/01/2022,23/12/2022
371,Clear_Cut,-64.84952944,-10.08760528,10,05/01/2022,23/12/2022
373,Clear_Cut,-66.02144287,-9.472364309,10,05/01/2022,23/12/2022
375,Clear_Cut,-63.24722492,-9.264625648,10,05/01/2022,23/12/2022
376,Clear_Cut,-62.84685351,-9.696826711,10,05/01/2022,23/12/2022
379,Clear_Cut,-63.64259347,-9.021025552,10,05/01/2022,23/12/2022
380,Clear_Cut,-60.95258117,-11.61876872,10,05/01/2022,23/12/2022
381,Clear_Cut,-64.4164367,-9.277324047,10,05/01/2022,23/12/2022
383,Clear_Cut,-63.45787564,-9.259693633,10,05/01/2022,23/12/2022
384,Clear_Cut,-63.10124282,-10.30718231,10,05/01/2022,23/12/2022
385,Clear_Cut,-64.96237937,-10.67136218,10,05/01/2022,23/12/2022
386,Clear_Cut,-62.57681507,-9.605696028,10,05/01/2022,23/12/2022
388,Clear_Cut,-64.27084921,-9.972208838,10,05/01/2022,23/12/2022
390,Clear_Cut,-62.09400901,-9.976942874,10,05/01/2022,23/12/2022
391,Clear_Cut,-62.40470901,-10.4046083,10,05/01/2022,23/12/2022
392,Clear_Cut,-63.30172751,-9.98360352,10,05/01/2022,23/12/2022
393,Clear_Cut,-61.29558822,-13.03645253,10,05/01/2022,23/12/2022
395,Clear_Cut,-64.0617093,-10.35821675,10,05/01/2022,23/12/2022
397,Clear_Cut,-64.44675299,-9.397784082,10,05/01/2022,23/12/2022
398,Clear_Cut,-62.01581203,-12.44862519,10,05/01/2022,23/12/2022
399,Clear_Cut,-62.64669025,-11.60629178,10,05/01/2022,23/12/2022
402,Clear_Cut,-64.14245573,-10.32383167,10,05/01/2022,23/12/2022
404,Clear_Cut,-62.58227407,-10.00859902,10,05/01/2022,23/12/2022
406,Clear_Cut,-63.88315332,-12.11257847,10,05/01/2022,23/12/2022
410,Clear_Cut,-63.40567295,-9.899091023,10,05/01/2022,23/12/2022
411,Clear_Cut,-61.41113701,-11.88225712,10,05/01/2022,23/12/2022
413,Clear_Cut,-61.45770326,-11.14295264,10,05/01/2022,23/12/2022
414,Clear_Cut,-62.05238732,-9.613590211,10,05/01/2022,23/12/2022
415,Clear_Cut,-61.87551578,-10.35641174,10,05/01/2022,23/12/2022
418,Clear_Cut,-65.88624169,-9.611975507,10,05/01/2022,23/12/2022
420,Clear_Cut,-63.52049388,-9.832759065,10,05/01/2022,23/12/2022
421,Clear_Cut,-61.63877723,-11.30810662,10,05/01/2022,23/12/2022
422,Clear_Cut,-66.40448257,-9.716915192,10,05/01/2022,23/12/2022
423,Clear_Cut,-63.10433625,-10.02078421,10,05/01/2022,23/12/2022
424,Clear_Cut,-61.30177508,-12.83143618,10,05/01/2022,23/12/2022
426,Clear_Cut,-62.98005698,-8.248864282,10,05/01/2022,23/12/2022
429,Clear_Cut,-61.73922252,-10.81201403,10,05/01/2022,23/12/2022
430,Clear_Cut,-62.26383251,-11.64069112,10,05/01/2022,23/12/2022
431,Clear_Cut,-60.8592323,-12.76578132,10,05/01/2022,23/12/2022
432,Clear_Cut,-62.03546443,-10.01218295,10,05/01/2022,23/12/2022
433,Wetland,-63.37874962,-8.401896912,4,05/01/2022,23/12/2022
434,Clear_Cut,-62.92822853,-10.52626756,10,05/01/2022,23/12/2022
436,Clear_Cut,-65.97749862,-9.617946066,10,05/01/2022,23/12/2022
437,Clear_Cut,-63.5519741,-9.741665411,10,05/01/2022,23/12/2022
438,Clear_Cut,-60.51331379,-11.94528573,10,05/01/2022,23/12/2022
439,Clear_Cut,-62.05620862,-11.50645623,10,05/01/2022,23/12/2022
440,Clear_Cut,-60.77654328,-12.99123593,10,05/01/2022,23/12/2022
441,Clear_Cut,-63.6091551,-9.205679699,10,05/01/2022,23/12/2022
442,Clear_Cut,-63.87114352,-9.916837035,10,05/01/2022,23/12/2022
443,Clear_Cut,-62.04838405,-9.001975171,10,05/01/2022,23/12/2022
444,Clear_Cut,-63.53013811,-9.663462827,10,05/01/2022,23/12/2022
447,Clear_Cut,-61.72977525,-11.83334392,10,05/01/2022,23/12/2022
448,Clear_Cut,-61.40404031,-11.2224455,10,05/01/2022,23/12/2022
449,Clear_Cut,-62.36623925,-9.299312371,10,05/01/2022,23/12/2022
450,Clear_Cut,-61.38145856,-11.95202137,10,05/01/2022,23/12/2022
453,Clear_Cut,-62.56333421,-10.65527198,10,05/01/2022,23/12/2022
454,Clear_Cut,-61.06400209,-11.77318338,10,05/01/2022,23/12/2022
455,Clear_Cut,-63.37291896,-10.48168808,10,05/01/2022,23/12/2022
456,Clear_Cut,-62.27844269,-10.43745741,10,05/01/2022,23/12/2022
457,Clear_Cut,-63.86805009,-9.771614308,10,05/01/2022,23/12/2022
458,Clear_Cut,-62.40303696,-10.15891064,10,05/01/2022,23/12/2022
459,Clear_Cut,-63.2818589,-11.78787809,10,05/01/2022,23/12/2022
460,Clear_Cut,-64.76696511,-9.844412943,10,05/01/2022,23/12/2022
461,Clear_Cut,-62.06227038,-9.030943611,10,05/01/2022,23/12/2022
462,Clear_Cut,-62.27293084,-11.16157495,10,05/01/2022,23/12/2022
463,Clear_Cut,-61.66770992,-12.85130671,10,05/01/2022,23/12/2022
464,Clear_Cut,-62.35982752,-10.29113247,10,05/01/2022,23/12/2022
465,Clear_Cut,-61.04865954,-13.33923167,10,05/01/2022,23/12/2022
466,Clear_Cut,-64.21431475,-9.91384437,10,05/01/2022,23/12/2022
468,Clear_Cut,-62.18030984,-10.81092153,10,05/01/2022,23/12/2022
469,Clear_Cut,-62.59863157,-8.661356527,10,05/01/2022,23/12/2022
470,Clear_Cut,-64.86161611,-9.788584911,10,05/01/2022,23/12/2022
471,Clear_Cut,-60.57960276,-13.10984855,10,05/01/2022,23/12/2022
472,Clear_Cut,-62.26965544,-10.53500466,10,05/01/2022,23/12/2022
474,Clear_Cut,-60.36373724,-13.26786704,10,05/01/2022,23/12/2022
475,Clear_Cut,-63.62785417,-11.87816153,10,05/01/2022,23/12/2022
476,Clear_Cut,-64.34051439,-12.12484539,10,05/01/2022,23/12/2022
478,Clear_Cut,-61.98818873,-11.70550142,10,05/01/2022,23/12/2022
479,Clear_Cut,-64.08336002,-9.076096543,10,05/01/2022,23/12/2022
481,Clear_Cut,-63.6909326,-9.196990709,10,05/01/2022,23/12/2022
482,Clear_Cut,-65.27352762,-9.611851897,10,05/01/2022,23/12/2022
483,Clear_Cut,-60.94330087,-13.24023639,10,05/01/2022,23/12/2022
485,Clear_Cut,-62.78101661,-8.273058056,10,05/01/2022,23/12/2022
486,Clear_Cut,-62.92691882,-11.97394643,10,05/01/2022,23/12/2022
488,Clear_Cut,-60.96914013,-13.26361637,10,05/01/2022,23/12/2022
490,Clear_Cut,-60.94269217,-13.33059214,10,05/01/2022,23/12/2022
491,Clear_Cut,-62.74440631,-8.343956546,10,05/01/2022,23/12/2022
492,Clear_Cut,-62.63749929,-9.908747909,10,05/01/2022,23/12/2022
494,Clear_Cut,-64.28043593,-9.512555901,10,05/01/2022,23/12/2022
495,Clear_Cut,-63.15601477,-9.989961956,10,05/01/2022,23/12/2022
498,Clear_Cut,-63.49647428,-12.1883597,10,05/01/2022,23/12/2022
499,Clear_Cut,-61.14819527,-13.06782852,10,05/01/2022,23/12/2022
501,Clear_Cut,-62.66197544,-9.540023662,10,05/01/2022,23/12/2022
504,Clear_Cut,-62.35289983,-8.944665771,10,05/01/2022,23/12/2022
505,Clear_Cut,-62.42287132,-8.803684211,10,05/01/2022,23/12/2022
508,Clear_Cut,-62.91691065,-11.74332912,10,05/01/2022,23/12/2022
510,Clear_Cut,-62.46363184,-9.857142093,10,05/01/2022,23/12/2022
511,Clear_Cut,-61.76669975,-9.197463079,10,05/01/2022,23/12/2022
512,Clear_Cut,-62.08197051,-9.475452197,10,05/01/2022,23/12/2022
514,Clear_Cut,-60.19865511,-12.45510059,10,05/01/2022,23/12/2022
515,Clear_Cut,-61.48138322,-12.29596912,10,05/01/2022,23/12/2022
516,Clear_Cut,-63.86959661,-8.548202336,10,05/01/2022,23/12/2022
518,Clear_Cut,-61.02027275,-13.14580804,10,05/01/2022,23/12/2022
520,Clear_Cut,-60.47295452,-11.49301263,10,05/01/2022,23/12/2022
521,Clear_Cut,-62.83029455,-8.22835356,10,05/01/2022,23/12/2022
522,Clear_Cut,-63.55957177,-9.369429576,10,05/01/2022,23/12/2022
525,Clear_Cut,-63.11507228,-9.801381199,10,05/01/2022,23/12/2022
526,Clear_Cut,-60.72174753,-12.90323995,10,05/01/2022,23/12/2022
527,Clear_Cut,-64.94147108,-9.854273595,10,05/01/2022,23/12/2022
529,Clear_Cut,-62.39227052,-8.891788328,10,05/01/2022,23/12/2022
531,Clear_Cut,-60.90017479,-13.34418922,10,05/01/2022,23/12/2022
532,Clear_Cut,-62.92528112,-8.726532221,10,05/01/2022,23/12/2022
535,Clear_Cut,-64.38146405,-10.45380424,10,05/01/2022,23/12/2022
536,Clear_Cut,-62.64177715,-8.553646894,10,05/01/2022,23/12/2022
537,Clear_Cut,-60.74862407,-12.26324287,10,05/01/2022,23/12/2022
538,Clear_Cut,-62.94147614,-11.96789412,10,05/01/2022,23/12/2022
541,Clear_Cut,-62.84197638,-8.788191645,10,05/01/2022,23/12/2022
543,Clear_Cut,-64.5252142,-10.4307847,10,05/01/2022,23/12/2022
544,Clear_Cut,-62.90071562,-12.10599551,10,05/01/2022,23/12/2022
545,Clear_Cut,-61.24973263,-13.37269319,10,05/01/2022,23/12/2022
546,Clear_Cut,-61.08905612,-13.32878506,10,05/01/2022,23/12/2022
548,Clear_Cut,-62.47051746,-8.578089035,10,05/01/2022,23/12/2022
549,Clear_Cut,-60.6636182,-13.31107791,10,05/01/2022,23/12/2022
551,Clear_Cut,-65.09414106,-10.71438809,10,05/01/2022,23/12/2022
554,Clear_Cut,-62.44852862,-8.92684221,10,05/01/2022,23/12/2022
555,Clear_Cut,-61.12559166,-12.51606564,10,05/01/2022,23/12/2022
559,Clear_Cut,-60.73312945,-13.29425492,10,05/01/2022,23/12/2022
560,Clear_Cut,-60.53656018,-12.25976731,10,05/01/2022,23/12/2022
561,Clear_Cut,-61.03119074,-13.06516969,10,05/01/2022,23/12/2022
562,Clear_Cut,-60.89853709,-13.31585897,10,05/01/2022,23/12/2022
564,Clear_Cut,-61.2591949,-12.79169041,10,05/01/2022,23/12/2022
568,Clear_Cut,-62.53715156,-8.842832783,10,05/01/2022,23/12/2022
569,Clear_Cut,-61.05193493,-13.1541362,10,05/01/2022,23/12/2022
570,Clear_Cut,-62.61630182,-11.24422012,10,05/01/2022,23/12/2022
572,Clear_Cut,-64.96887763,-9.786925365,10,05/01/2022,23/12/2022
573,Clear_Cut,-60.35045368,-12.46710414,10,05/01/2022,23/12/2022
577,Clear_Cut,-61.70064588,-11.66385927,10,05/01/2022,23/12/2022
578,Clear_Cut,-60.04529568,-12.60689718,10,05/01/2022,23/12/2022
580,Clear_Cut,-65.64331627,-9.66059266,10,05/01/2022,23/12/2022
581,Clear_Cut,-62.53226392,-8.984886625,10,05/01/2022,23/12/2022
583,Clear_Cut,-61.21633149,-11.70061227,10,05/01/2022,23/12/2022
584,Clear_Cut,-63.0681249,-11.70359705,10,05/01/2022,23/12/2022
585,Clear_Cut,-60.73258355,-13.33816932,10,05/01/2022,23/12/2022
586,Clear_Cut,-63.73266694,-9.289240595,10,05/01/2022,23/12/2022
587,Clear_Cut,-63.01935785,-9.511669382,10,05/01/2022,23/12/2022
588,Clear_Cut,-60.89326006,-13.48083589,10,05/01/2022,23/12/2022
589,Clear_Cut,-65.01346878,-9.833714586,10,05/01/2022,23/12/2022
590,Clear_Cut,-62.84205837,-9.73554604,10,05/01/2022,23/12/2022
591,Clear_Cut,-63.20159319,-9.114101117,10,05/01/2022,23/12/2022
593,Clear_Cut,-63.98366405,-8.650818496,10,05/01/2022,23/12/2022
595,Clear_Cut,-61.22334747,-13.38154466,10,05/01/2022,23/12/2022
596,Clear_Cut,-64.18030478,-9.632607258,10,05/01/2022,23/12/2022
597,Clear_Cut,-62.35415758,-9.331039959,10,05/01/2022,23/12/2022
599,Clear_Cut,-64.53113639,-10.37628035,10,05/01/2022,23/12/2022
600,Clear_Cut,-62.1075232,-11.56582701,10,05/01/2022,23/12/2022
601,Clear_Cut,-62.10372063,-10.12693716,10,05/01/2022,23/12/2022
602,Clear_Cut,-60.0065368,-12.6019249,10,05/01/2022,23/12/2022
604,Clear_Cut,-61.91583404,-10.19378133,10,05/01/2022,23/12/2022
607,Clear_Cut,-62.82774702,-9.828635286,10,05/01/2022,23/12/2022
608,Clear_Cut,-61.50328342,-12.35407741,10,05/01/2022,23/12/2022
610,Clear_Cut,-60.41302519,-11.61071974,10,05/01/2022,23/12/2022
612,Clear_Cut,-64.37974018,-9.485645979,10,05/01/2022,23/12/2022
613,Clear_Cut,-62.65931142,-11.69613367,10,05/01/2022,23/12/2022
614,Clear_Cut,-62.36718954,-8.900955493,10,05/01/2022,23/12/2022
615,Clear_Cut,-61.46888424,-12.30922628,10,05/01/2022,23/12/2022
616,Clear_Cut,-65.05986694,-9.800186193,10,05/01/2022,23/12/2022
618,Clear_Cut,-64.27396055,-9.742938995,10,05/01/2022,23/12/2022
619,Clear_Cut,-65.21153667,-9.895407431,10,05/01/2022,23/12/2022
621,Clear_Cut,-63.4440679,-11.41942778,10,05/01/2022,23/12/2022
623,Clear_Cut,-61.24708506,-12.57191779,10,05/01/2022,23/12/2022
624,Clear_Cut,-61.80620826,-11.49490424,10,05/01/2022,23/12/2022
625,Clear_Cut,-64.2210653,-9.575373481,10,05/01/2022,23/12/2022
626,Clear_Cut,-62.25139594,-9.378243618,10,05/01/2022,23/12/2022
628,Clear_Cut,-60.91161717,-13.32389761,10,05/01/2022,23/12/2022
629,Clear_Cut,-64.3005847,-9.536075739,10,05/01/2022,23/12/2022
630,Clear_Cut,-62.36173853,-9.156256835,10,05/01/2022,23/12/2022
631,Clear_Cut,-65.26427168,-10.11308267,10,05/01/2022,23/12/2022
632,Clear_Cut,-63.60310671,-10.15389541,10,05/01/2022,23/12/2022
633,Clear_Cut,-62.39846769,-8.710676907,10,05/01/2022,23/12/2022
634,Clear_Cut,-65.91080718,-9.538229158,10,05/01/2022,23/12/2022
635,Clear_Cut,-63.13690828,-11.97715055,10,05/01/2022,23/12/2022
636,Clear_Cut,-62.13827556,-9.671714418,10,05/01/2022,23/12/2022
637,Clear_Cut,-62.08132001,-9.460338569,10,05/01/2022,23/12/2022
638,Clear_Cut,-64.18709088,-9.594056232,10,05/01/2022,23/12/2022
639,Clear_Cut,-62.51885174,-11.00855352,10,05/01/2022,23/12/2022
640,Clear_Cut,-62.07877248,-11.36395104,10,05/01/2022,23/12/2022
641,Clear_Cut,-62.70764906,-8.51135804,10,05/01/2022,23/12/2022
643,Clear_Cut,-61.81947007,-9.349933467,10,05/01/2022,23/12/2022
644,Clear_Cut,-64.8890647,-10.06808709,10,05/01/2022,23/12/2022
646,Clear_Cut,-62.13736572,-10.35533773,10,05/01/2022,23/12/2022
647,Clear_Cut,-65.30449445,-9.975087381,10,05/01/2022,23/12/2022
648,Clear_Cut,-64.26865707,-10.54295454,10,05/01/2022,23/12/2022
651,Clear_Cut,-64.15084107,-10.58570538,10,05/01/2022,23/12/2022
652,Clear_Cut,-64.14663799,-12.14113469,10,05/01/2022,23/12/2022
655,Clear_Cut,-63.22374023,-8.6004491,10,05/01/2022,23/12/2022
656,Clear_Cut,-63.00248718,-8.6122092,10,05/01/2022,23/12/2022
657,Clear_Cut,-63.87397737,-9.485726495,10,05/01/2022,23/12/2022
658,Clear_Cut,-62.393239,-8.736813951,10,05/01/2022,23/12/2022
659,Clear_Cut,-60.72406435,-12.16225242,10,05/01/2022,23/12/2022
660,Clear_Cut,-62.08771005,-9.004122629,10,05/01/2022,23/12/2022
662,Clear_Cut,-60.39857549,-12.51070361,10,05/01/2022,23/12/2022
663,Clear_Cut,-64.14830573,-10.6484455,10,05/01/2022,23/12/2022
664,Clear_Cut,-62.84506136,-8.171398778,10,05/01/2022,23/12/2022
667,Clear_Cut,-63.18047873,-8.807402175,10,05/01/2022,23/12/2022
669,Clear_Cut,-64.53660486,-9.004959018,10,05/01/2022,23/12/2022
670,Clear_Cut,-63.42150404,-8.563903483,10,05/01/2022,23/12/2022
671,Clear_Cut,-59.96585484,-12.36233959,10,05/01/2022,23/12/2022
673,Clear_Cut,-63.91593468,-11.94739084,10,05/01/2022,23/12/2022
675,Clear_Cut,-63.49181266,-10.62655889,10,05/01/2022,23/12/2022
676,Clear_Cut,-64.96372421,-10.11178685,10,05/01/2022,23/12/2022
678,Clear_Cut,-64.92510252,-10.00893337,10,05/01/2022,23/12/2022
679,Clear_Cut,-63.00192093,-10.57240382,10,05/01/2022,23/12/2022
681,Clear_Cut,-62.49951672,-8.613833919,10,05/01/2022,23/12/2022
683,Clear_Cut,-64.37384421,-10.42599716,10,05/01/2022,23/12/2022
684,Clear_Cut,-63.30066308,-8.770812918,10,05/01/2022,23/12/2022
686,Clear_Cut,-62.95972944,-8.351616965,10,05/01/2022,23/12/2022
687,Clear_Cut,-64.94347271,-10.06826625,10,05/01/2022,23/12/2022
689,Clear_Cut,-63.95800875,-9.489632145,10,05/01/2022,23/12/2022
690,Clear_Cut,-63.09936851,-8.645356196,10,05/01/2022,23/12/2022
691,Clear_Cut,-61.97730114,-9.12152552,10,05/01/2022,23/12/2022
694,Clear_Cut,-62.00138908,-9.837313333,10,05/01/2022,23/12/2022
695,Clear_Cut,-60.84904217,-13.37623382,10,05/01/2022,23/12/2022
696,Clear_Cut,-63.72414781,-9.461964466,10,05/01/2022,23/12/2022
697,Clear_Cut,-62.27143941,-9.242778116,10,05/01/2022,23/12/2022
699,Clear_Cut,-63.01314665,-8.663718803,10,05/01/2022,23/12/2022
702,Clear_Cut,-62.93307704,-10.60716225,10,05/01/2022,23/12/2022
703,Clear_Cut,-62.36633577,-9.483571667,10,05/01/2022,23/12/2022
705,Clear_Cut,-65.1754375,-9.590073362,10,05/01/2022,23/12/2022
708,Clear_Cut,-61.06596188,-13.27572295,10,05/01/2022,23/12/2022
709,Clear_Cut,-62.27551563,-9.470999732,10,05/01/2022,23/12/2022
710,Clear_Cut,-62.49761545,-8.788024387,10,05/01/2022,23/12/2022
711,Clear_Cut,-63.07867896,-9.500721846,10,05/01/2022,23/12/2022
712,Clear_Cut,-60.84193057,-12.03479843,10,05/01/2022,23/12/2022
714,Clear_Cut,-62.39447382,-10.47803577,10,05/01/2022,23/12/2022
715,Clear_Cut,-64.34707398,-9.009954984,10,05/01/2022,23/12/2022
716,Clear_Cut,-64.88336296,-10.11214552,10,05/01/2022,23/12/2022
717,Clear_Cut,-61.97409201,-10.07916218,10,05/01/2022,23/12/2022
718,Clear_Cut,-61.96922858,-11.3817904,10,05/01/2022,23/12/2022
720,Clear_Cut,-62.42414509,-9.127760909,10,05/01/2022,23/12/2022
721,Clear_Cut,-64.8096031,-10.03696341,10,05/01/2022,23/12/2022
723,Clear_Cut,-64.78972204,-9.915322904,10,05/01/2022,23/12/2022
724,Clear_Cut,-61.6929141,-12.33076613,10,05/01/2022,23/12/2022
725,Clear_Cut,-61.64878539,-12.93041839,10,05/01/2022,23/12/2022
726,Clear_Cut,-64.00943353,-9.667693513,10,05/01/2022,23/12/2022
727,Clear_Cut,-64.777618,-9.929939523,10,05/01/2022,23/12/2022
731,Clear_Cut,-60.14974451,-12.8640798,10,05/01/2022,23/12/2022
732,Clear_Cut,-64.36829677,-9.423845712,10,05/01/2022,23/12/2022
733,Clear_Cut,-63.96696363,-9.672791589,10,05/01/2022,23/12/2022
736,Clear_Cut,-62.04911192,-9.213988388,10,05/01/2022,23/12/2022
737,Clear_Cut,-64.3628875,-8.995125245,10,05/01/2022,23/12/2022
738,Clear_Cut,-62.5910861,-10.59577748,10,05/01/2022,23/12/2022
740,Clear_Cut,-62.46928982,-9.259972789,10,05/01/2022,23/12/2022
741,Clear_Cut,-64.17484186,-10.26970432,10,05/01/2022,23/12/2022
742,Clear_Cut,-65.61001638,-9.472364309,10,05/01/2022,23/12/2022
745,Clear_Cut,-62.41808475,-8.818596481,10,05/01/2022,23/12/2022
746,Clear_Cut,-63.83530566,-8.567322951,10,05/01/2022,23/12/2022
750,Clear_Cut,-62.88913661,-8.657847259,10,05/01/2022,23/12/2022
751,Clear_Cut,-62.36548849,-9.135560562,10,05/01/2022,23/12/2022
753,Clear_Cut,-60.44423142,-12.48312775,10,05/01/2022,23/12/2022
754,Clear_Cut,-63.48078371,-9.526305925,10,05/01/2022,23/12/2022
755,Clear_Cut,-63.31401435,-8.696207343,10,05/01/2022,23/12/2022
758,Clear_Cut,-63.75959799,-9.74614895,10,05/01/2022,23/12/2022
760,Clear_Cut,-64.89192358,-9.864014605,10,05/01/2022,23/12/2022
762,Clear_Cut,-63.08196112,-8.686204613,10,05/01/2022,23/12/2022
764,Clear_Cut,-60.88257024,-12.45870349,10,05/01/2022,23/12/2022
765,Clear_Cut,-60.11189546,-12.65732478,10,05/01/2022,23/12/2022
766,Clear_Cut,-60.12609466,-12.45892136,10,05/01/2022,23/12/2022
767,Clear_Cut,-62.03768245,-11.36095296,10,05/01/2022,23/12/2022
769,Clear_Cut,-62.67906339,-8.47593193,10,05/01/2022,23/12/2022
770,Clear_Cut,-60.24491735,-12.64268273,10,05/01/2022,23/12/2022
771,Clear_Cut,-62.52755574,-9.404786503,10,05/01/2022,23/12/2022
772,Clear_Cut,-64.21230207,-9.69127378,10,05/01/2022,23/12/2022
773,Clear_Cut,-62.02966492,-9.84162084,10,05/01/2022,23/12/2022
774,Clear_Cut,-64.03964459,-8.888550792,10,05/01/2022,23/12/2022
775,Clear_Cut,-62.3403494,-9.330156417,10,05/01/2022,23/12/2022
776,Clear_Cut,-61.99235932,-9.03443043,10,05/01/2022,23/12/2022
777,Clear_Cut,-62.57153804,-8.591972735,10,05/01/2022,23/12/2022
778,Wetland,-63.43524534,-8.431441538,4,05/01/2022,23/12/2022
779,Water,-63.70064081,-8.581357044,7,05/01/2022,23/12/2022
780,Water,-63.05265774,-10.02831013,7,05/01/2022,23/12/2022
781,Water,-63.48646612,-8.601868451,7,05/01/2022,23/12/2022
782,Water,-61.24011809,-13.49955136,7,05/01/2022,23/12/2022
784,Water,-65.30540429,-10.83451388,7,05/01/2022,23/12/2022
785,Water,-63.19932282,-8.220249276,7,05/01/2022,23/12/2022
786,Water,-64.07331458,-8.944537994,7,05/01/2022,23/12/2022
787,Water,-63.29030612,-8.97519511,7,05/01/2022,23/12/2022
788,Clear_Cut,-65.01234808,-11.80955689,10,05/01/2022,23/12/2022
790,Water,-62.96199766,-8.097201652,7,05/01/2022,23/12/2022
792,Water,-63.58836415,-8.610619211,7,05/01/2022,23/12/2022
794,Water,-63.21954015,-8.229033128,7,05/01/2022,23/12/2022
795,Water,-63.95471941,-8.806039028,7,05/01/2022,23/12/2022
796,Water,-63.06666917,-8.180625952,7,05/01/2022,23/12/2022
798,Water,-64.29967487,-9.063795382,7,05/01/2022,23/12/2022
799,Water,-63.81819124,-8.623997933,7,05/01/2022,23/12/2022
800,Water,-65.28857172,-10.11165107,7,05/01/2022,23/12/2022
801,Water,-65.33288479,-11.18133749,7,05/01/2022,23/12/2022
803,Water,-63.29649299,-9.023541565,7,05/01/2022,23/12/2022
804,Water,-63.3448961,-8.189451489,7,05/01/2022,23/12/2022
805,Water,-63.33252237,-8.172700814,7,05/01/2022,23/12/2022
806,Water,-64.4221384,-9.206444321,7,05/01/2022,23/12/2022
807,Wetland,-64.31886653,-9.223805579,4,05/01/2022,23/12/2022
808,Water,-62.53441685,-8.467084705,7,05/01/2022,23/12/2022
809,Water,-64.71146529,-9.320665737,7,05/01/2022,23/12/2022
810,Water,-65.30394856,-10.15514923,7,05/01/2022,23/12/2022
811,Water,-63.56907896,-8.615362192,7,05/01/2022,23/12/2022
812,Water,-63.71759852,-12.43991131,7,05/01/2022,23/12/2022
813,Water,-63.339983,-8.186929927,7,05/01/2022,23/12/2022
815,Water,-64.33024526,-9.095779575,7,05/01/2022,23/12/2022
816,Water,-64.63030819,-9.235901193,7,05/01/2022,23/12/2022
818,Water,-63.67807695,-8.584955617,7,05/01/2022,23/12/2022
819,Clear_Cut,-63.87600779,-12.3727544,10,05/01/2022,23/12/2022
820,Wetland,-61.86660059,-13.02072933,4,05/01/2022,23/12/2022
821,Water,-63.4604449,-8.790916574,7,05/01/2022,23/12/2022
823,Water,-62.92528112,-8.048940264,7,05/01/2022,23/12/2022
824,Water,-64.30422404,-9.058404507,7,05/01/2022,23/12/2022
825,Water,-62.27637994,-12.9610077,7,05/01/2022,23/12/2022
827,Water,-64.10333291,-8.978250653,7,05/01/2022,23/12/2022
828,Water,-63.18403763,-9.32946427,7,05/01/2022,23/12/2022
829,Water,-64.74568018,-9.36941991,7,05/01/2022,23/12/2022
830,Water,-61.63659363,-8.972139541,7,05/01/2022,23/12/2022
831,Water,-63.50255612,-9.278874737,7,05/01/2022,23/12/2022
832,Water,-64.39174997,-9.206983189,7,05/01/2022,23/12/2022
833,Water,-64.03163806,-8.750992394,7,05/01/2022,23/12/2022
834,Water,-63.43863931,-8.422292267,7,05/01/2022,23/12/2022
835,Water,-63.980181,-8.847729997,7,05/01/2022,23/12/2022
836,Water,-63.4647626,-8.484121863,7,05/01/2022,23/12/2022
837,Water,-62.41850413,-10.40062214,7,05/01/2022,23/12/2022
838,Water,-63.57904131,-8.5007576,7,05/01/2022,23/12/2022
839,Water,-63.91718107,-8.661237305,7,05/01/2022,23/12/2022
840,Water,-64.0352774,-8.751711787,7,05/01/2022,23/12/2022
841,Water,-64.29257817,-9.052115051,7,05/01/2022,23/12/2022
842,Water,-63.29212579,-8.929358876,7,05/01/2022,23/12/2022
843,Water,-62.07314139,-8.92430219,7,05/01/2022,23/12/2022
844,Water,-63.49902182,-8.644147229,7,05/01/2022,23/12/2022
845,Water,-62.96809227,-12.85159622,7,05/01/2022,23/12/2022
847,Water,-63.53906152,-9.809145573,7,05/01/2022,23/12/2022
848,Clear_Cut,-61.01590493,-12.64552624,10,05/01/2022,23/12/2022
849,Water,-63.06412163,-10.10463456,7,05/01/2022,23/12/2022
850,Water,-62.31168973,-13.12489777,7,05/01/2022,23/12/2022
851,Water,-65.20750626,-11.62340286,7,05/01/2022,23/12/2022
852,Water,-65.36490737,-9.56819615,7,05/01/2022,23/12/2022
853,Water,-65.23073428,-11.73394147,7,05/01/2022,23/12/2022
854,Water,-64.41041662,-9.300630016,7,05/01/2022,23/12/2022
856,Water,-62.76511312,-8.215541026,7,05/01/2022,23/12/2022
857,Water,-61.94957619,-11.07783481,7,05/01/2022,23/12/2022
858,Water,-64.84302715,-9.37596711,7,05/01/2022,23/12/2022
859,Water,-65.1745703,-11.62055109,7,05/01/2022,23/12/2022
860,Water,-63.30850278,-8.901674594,7,05/01/2022,23/12/2022
861,Water,-64.09891427,-8.997488118,7,05/01/2022,23/12/2022
862,Water,-61.7175546,-9.025267198,7,05/01/2022,23/12/2022
863,Water,-62.42474129,-13.10889539,7,05/01/2022,23/12/2022
864,Water,-65.26264214,-11.5102007,7,05/01/2022,23/12/2022
865,Water,-63.01826605,-10.0587704,7,05/01/2022,23/12/2022
866,Water,-63.32469781,-8.847738162,7,05/01/2022,23/12/2022
867,Water,-64.31646011,-9.101039345,7,05/01/2022,23/12/2022
868,Water,-64.17677239,-12.25314131,7,05/01/2022,23/12/2022
869,Water,-63.2713816,-9.164050859,7,05/01/2022,23/12/2022
870,Water,-64.19158671,-9.026776413,7,05/01/2022,23/12/2022
872,Forest,-63.41882672,-8.353047171,9,05/01/2022,23/12/2022
873,Water,-63.4381932,-9.771946894,7,05/01/2022,23/12/2022
874,Water,-65.31923375,-9.995875755,7,05/01/2022,23/12/2022
875,Water,-65.32487471,-9.52477007,7,05/01/2022,23/12/2022
876,Water,-63.43781084,-8.425885224,7,05/01/2022,23/12/2022
877,Water,-60.67903412,-12.01610205,7,05/01/2022,23/12/2022
878,Water,-62.11321993,-13.16520849,7,05/01/2022,23/12/2022
879,Water,-65.34197958,-10.71635482,7,05/01/2022,23/12/2022
880,Water,-61.91918777,-11.28972733,7,05/01/2022,23/12/2022
881,Water,-64.69654403,-9.290318075,7,05/01/2022,23/12/2022
882,Water,-63.29540119,-8.948772574,7,05/01/2022,23/12/2022
883,Water,-65.19687482,-11.73513824,7,05/01/2022,23/12/2022
884,Water,-63.00643822,-8.16279417,7,05/01/2022,23/12/2022
885,Water,-63.37746813,-8.279676834,7,05/01/2022,23/12/2022
886,Water,-63.41422538,-8.365380771,7,05/01/2022,23/12/2022
888,Water,-65.34100499,-10.80217784,7,05/01/2022,23/12/2022
889,Water,-63.55597736,-8.541950445,7,05/01/2022,23/12/2022
890,Water,-62.98915139,-8.150365487,7,05/01/2022,23/12/2022
891,Water,-61.30414065,-11.58026665,7,05/01/2022,23/12/2022
892,Water,-63.24515897,-8.910281218,7,05/01/2022,23/12/2022
893,Water,-64.31405023,-9.0902095,7,05/01/2022,23/12/2022
894,Water,-64.80924609,-9.480263121,7,05/01/2022,23/12/2022
895,Water,-62.14955749,-11.92855074,7,05/01/2022,23/12/2022
896,Water,-65.31430097,-9.817272223,7,05/01/2022,23/12/2022
897,Water,-63.42320168,-8.759489899,7,05/01/2022,23/12/2022
898,Water,-63.9322843,-12.51578274,7,05/01/2022,23/12/2022
899,Water,-62.26861779,-8.704728145,7,05/01/2022,23/12/2022
900,Water,-61.9327563,-9.862175581,7,05/01/2022,23/12/2022
901,Water,-63.21697358,-9.199259346,7,05/01/2022,23/12/2022
902,Water,-63.05016853,-8.190556605,7,05/01/2022,23/12/2022
903,Water,-65.35453527,-9.55150827,7,05/01/2022,23/12/2022
904,Water,-62.9662236,-10.3472825,7,05/01/2022,23/12/2022
905,Water,-61.78598821,-10.4365944,7,05/01/2022,23/12/2022
906,Water,-64.41631546,-9.327309547,7,05/01/2022,23/12/2022
907,Water,-62.72438999,-8.341435972,7,05/01/2022,23/12/2022
908,Water,-63.6473246,-8.707106824,7,05/01/2022,23/12/2022
909,Water,-63.88406315,-8.633892811,7,05/01/2022,23/12/2022
910,Water,-62.27939236,-10.72127825,7,05/01/2022,23/12/2022
911,Water,-60.63632321,-12.06382517,7,05/01/2022,23/12/2022
912,Water,-65.37327783,-9.698441009,7,05/01/2022,23/12/2022
913,Water,-63.38452691,-8.271060836,7,05/01/2022,23/12/2022
914,Water,-64.38585601,-9.197376365,7,05/01/2022,23/12/2022
915,Clear_Cut,-61.05517964,-12.73209,10,05/01/2022,23/12/2022
916,Water,-63.80381588,-8.611943823,7,05/01/2022,23/12/2022
917,Water,-62.72675555,-8.326492233,7,05/01/2022,23/12/2022
918,Water,-65.17850218,-11.74518884,7,05/01/2022,23/12/2022
919,Water,-63.3640026,-8.240239543,7,05/01/2022,23/12/2022
920,Water,-65.43401909,-9.633755883,7,05/01/2022,23/12/2022
921,Water,-61.68699838,-9.377044322,7,05/01/2022,23/12/2022
922,Water,-64.3131404,-9.74740433,7,05/01/2022,23/12/2022
924,Forest,-63.39712052,-8.887112539,9,05/01/2022,23/12/2022
925,Wetland,-61.7996355,-13.03608823,4,05/01/2022,23/12/2022
926,Forest,-63.33722052,-12.54327767,9,05/01/2022,23/12/2022
927,Wetland,-62.11935103,-13.12702432,4,05/01/2022,23/12/2022
928,Clear_Cut,-63.14274655,-8.761859288,10,05/01/2022,23/12/2022
930,Wetland,-62.67598687,-12.83498461,4,05/01/2022,23/12/2022
931,Wetland,-63.01699228,-12.19582992,4,05/01/2022,23/12/2022
945,Clear_Cut,-63.35438603,-8.537642929,10,05/01/2022,23/12/2022
947,Forest,-63.17093603,-12.54384872,9,05/01/2022,23/12/2022
951,Wetland,-62.2838437,-12.93026482,4,05/01/2022,23/12/2022
953,Wetland,-63.37740612,-8.429147316,4,05/01/2022,23/12/2022
955,Clear_Cut,-64.20594037,-9.701213477,10,05/01/2022,23/12/2022
957,Clear_Cut,-62.93992809,-8.708139375,10,05/01/2022,23/12/2022
959,Wetland,-62.62001129,-12.90418987,4,05/01/2022,23/12/2022
960,Wetland,-62.29858813,-12.92953163,4,05/01/2022,23/12/2022
962,Wetland,-62.04383489,-13.12915085,4,05/01/2022,23/12/2022
966,Forest,-63.39125966,-12.50737979,9,05/01/2022,23/12/2022
969,Clear_Cut,-63.06846646,-8.753264242,10,05/01/2022,23/12/2022
970,Wetland,-64.79922451,-9.441137044,4,05/01/2022,23/12/2022
972,Forest,-63.54996116,-8.513526821,9,05/01/2022,23/12/2022
976,Forest,-63.23898725,-12.5430497,9,05/01/2022,23/12/2022
980,Water,-62.74399235,-9.456553827,7,05/01/2022,23/12/2022
982,Wetland,-61.81032439,-13.06919383,4,05/01/2022,23/12/2022
985,Wetland,-62.06986765,-13.11759086,4,05/01/2022,23/12/2022
988,Clear_Cut,-61.33072179,-12.92007919,10,05/01/2022,23/12/2022
989,Clear_Cut,-63.09460062,-8.754277143,10,05/01/2022,23/12/2022
990,Wetland,-62.45653515,-12.99071091,4,05/01/2022,23/12/2022
993,Clear_Cut,-63.09177481,-8.57704132,10,05/01/2022,23/12/2022
994,Clear_Cut,-60.82211111,-11.73584639,10,05/01/2022,23/12/2022
1000,Forest,-63.19695725,-12.56462978,9,05/01/2022,23/12/2022
1001,Wetland,-62.71620149,-12.83462977,4,05/01/2022,23/12/2022
1003,Wetland,-62.2905816,-12.94017258,4,05/01/2022,23/12/2022
1005,Forest,-63.37146323,-12.50174861,9,05/01/2022,23/12/2022
1017,Clear_Cut,-60.64284656,-12.30129156,10,05/01/2022,23/12/2022
1018,Wetland,-62.24299488,-13.0253154,4,05/01/2022,23/12/2022
1021,Water,-63.37123672,-8.816873087,7,05/01/2022,23/12/2022
1022,Clear_Cut,-60.93129108,-13.44013323,10,05/01/2022,23/12/2022
1024,Wetland,-62.23888423,-12.97477374,4,05/01/2022,23/12/2022
1026,Forest,-63.324212,-8.797055537,9,05/01/2022,23/12/2022
1027,Forest,-62.23451644,-13.07179578,9,05/01/2022,23/12/2022
1029,Clear_Cut,-60.23973132,-12.96317397,10,05/01/2022,23/12/2022
1030,Forest,-63.39002382,-8.897539748,9,05/01/2022,23/12/2022
1041,Forest,-63.39566479,-8.85439075,9,05/01/2022,23/12/2022
1045,Forest,-63.32071499,-12.50484879,9,05/01/2022,23/12/2022
1048,Forest,-63.12107718,-12.59446631,9,05/01/2022,23/12/2022
1051,Forest,-63.4934402,-12.41830764,9,05/01/2022,23/12/2022
1054,Forest,-63.43769907,-8.812315603,9,05/01/2022,23/12/2022
1055,Forest,-63.05959909,-12.49336759,9,05/01/2022,23/12/2022
1056,Forest,-63.06505826,-12.4889037,9,05/01/2022,23/12/2022
1057,Forest,-63.13901758,-12.57048446,9,05/01/2022,23/12/2022
1058,Clear_Cut,-64.38802381,-10.5270071,10,05/01/2022,23/12/2022
1062,Water,-60.67470075,-12.00654354,7,05/01/2022,23/12/2022
1063,Water,-62.07056241,-9.476900454,7,05/01/2022,23/12/2022
1064,Clear_Cut,-63.04489548,-8.554673356,10,05/01/2022,23/12/2022
1065,Clear_Cut,-63.00796955,-8.560830299,10,05/01/2022,23/12/2022
1066,Clear_Cut,-63.28651765,-8.601537343,10,05/01/2022,23/12/2022
1067,Clear_Cut,-63.27031744,-8.601295717,10,05/01/2022,23/12/2022
1068,Clear_Cut,-63.2699432,-8.589282849,10,05/01/2022,23/12/2022
1069,Clear_Cut,-63.36482235,-8.69263886,10,05/01/2022,23/12/2022
1070,Clear_Cut,-63.36093623,-8.662131319,10,05/01/2022,23/12/2022
1071,Clear_Cut,-63.34440268,-8.70057563,10,05/01/2022,23/12/2022
1072,Clear_Cut,-63.29573154,-8.653423549,10,05/01/2022,23/12/2022
1073,Clear_Cut,-63.11422401,-8.658701939,10,05/01/2022,23/12/2022
1074,Clear_Cut,-63.148349,-8.697401726,10,05/01/2022,23/12/2022
1075,Clear_Cut,-63.12899644,-8.66947761,10,05/01/2022,23/12/2022
1076,Clear_Cut,-63.08903048,-8.701002499,10,05/01/2022,23/12/2022
1077,Clear_Cut,-63.10288463,-8.699510504,10,05/01/2022,23/12/2022
1078,Clear_Cut,-63.08892791,-8.656100539,10,05/01/2022,23/12/2022
1079,Clear_Cut,-63.11120192,-8.697027956,10,05/01/2022,23/12/2022
1080,Clear_Cut,-62.72006954,-8.573310079,10,05/01/2022,23/12/2022
1081,Clear_Cut,-62.61882359,-8.609379906,10,05/01/2022,23/12/2022
1082,Clear_Cut,-62.61651209,-8.530657218,10,05/01/2022,23/12/2022
1083,Clear_Cut,-62.63470869,-8.612253788,10,05/01/2022,23/12/2022
1084,Clear_Cut,-62.68393902,-8.51389859,10,05/01/2022,23/12/2022
1085,Clear_Cut,-62.59070509,-8.476137303,10,05/01/2022,23/12/2022
1086,Clear_Cut,-62.51259147,-8.758711445,10,05/01/2022,23/12/2022
1087,Clear_Cut,-62.56541417,-8.807185132,10,05/01/2022,23/12/2022
1088,Clear_Cut,-62.55103816,-8.76358655,10,05/01/2022,23/12/2022
1089,Clear_Cut,-62.58218687,-8.782383804,10,05/01/2022,23/12/2022
1090,Clear_Cut,-62.76521707,-8.451368006,10,05/01/2022,23/12/2022
1091,Clear_Cut,-62.90613216,-8.195326604,10,05/01/2022,23/12/2022
1092,Clear_Cut,-62.90053254,-8.258101153,10,05/01/2022,23/12/2022
1093,Clear_Cut,-64.26098116,-9.696706136,10,05/01/2022,23/12/2022
1094,Clear_Cut,-64.23527686,-9.728449074,10,05/01/2022,23/12/2022
1095,Clear_Cut,-64.33766213,-9.652672682,10,05/01/2022,23/12/2022
1096,Clear_Cut,-64.57350901,-9.416895784,10,05/01/2022,23/12/2022
1097,Clear_Cut,-63.40768043,-9.205105295,10,05/01/2022,23/12/2022
1098,Clear_Cut,-63.28076765,-9.169546934,10,05/01/2022,23/12/2022
1099,Clear_Cut,-63.48464081,-10.69707495,10,05/01/2022,23/12/2022
1100,Clear_Cut,-63.49983164,-10.70005782,10,05/01/2022,23/12/2022
1101,Clear_Cut,-63.47197309,-10.6866984,10,05/01/2022,23/12/2022
1102,Clear_Cut,-63.4950924,-10.55945284,10,05/01/2022,23/12/2022
1103,Clear_Cut,-63.52306685,-10.55732697,10,05/01/2022,23/12/2022
1104,Clear_Cut,-64.46257391,-10.36246843,10,05/01/2022,23/12/2022
1105,Clear_Cut,-64.52645035,-10.39608094,10,05/01/2022,23/12/2022
1106,Clear_Cut,-64.45056429,-10.32113062,10,05/01/2022,23/12/2022
1107,Clear_Cut,-64.56557803,-10.44061808,10,05/01/2022,23/12/2022
1108,Clear_Cut,-64.46603594,-10.27705959,10,05/01/2022,23/12/2022
1109,Clear_Cut,-64.51873559,-10.30940219,10,05/01/2022,23/12/2022
1110,Clear_Cut,-64.51073029,-10.29328551,10,05/01/2022,23/12/2022
1111,Clear_Cut,-65.64357543,-9.445864939,10,05/01/2022,23/12/2022
1112,Clear_Cut,-65.89421583,-9.40370993,10,05/01/2022,23/12/2022
1113,Clear_Cut,-65.90672652,-9.389705066,10,05/01/2022,23/12/2022
1114,Wetland,-63.25206726,-12.66793283,4,05/01/2022,23/12/2022
1115,Wetland,-63.23528038,-12.66071381,4,05/01/2022,23/12/2022
1116,Forest,-63.24675286,-12.66536341,9,05/01/2022,23/12/2022
1117,Wetland,-63.25016717,-12.66044447,4,05/01/2022,23/12/2022
1118,Forest,-63.25460005,-12.66900325,9,05/01/2022,23/12/2022
1119,Wetland,-63.2331784,-12.65838326,4,05/01/2022,23/12/2022
1120,Forest,-63.24468382,-12.67304771,9,05/01/2022,23/12/2022
1121,Wetland,-63.24675352,-12.65639303,4,05/01/2022,23/12/2022
1122,Wetland,-63.29640287,-12.6702443,4,05/01/2022,23/12/2022
1123,Clear_Cut,-63.03936454,-8.812671448,10,05/01/2022,23/12/2022
1124,Clear_Cut,-62.9478066,-8.795189149,10,05/01/2022,23/12/2022
1125,Clear_Cut,-62.81493443,-8.672831931,10,05/01/2022,23/12/2022
1126,Clear_Cut,-62.96554236,-8.644349766,10,05/01/2022,23/12/2022
1127,Clear_Cut,-62.94478766,-8.659471278,10,05/01/2022,23/12/2022
1128,Clear_Cut,-62.92509051,-8.686222904,10,05/01/2022,23/12/2022
1129,Clear_Cut,-62.98299093,-8.644625278,10,05/01/2022,23/12/2022
1130,Clear_Cut,-62.98033237,-8.727535085,10,05/01/2022,23/12/2022
1131,Clear_Cut,-63.17027568,-8.788613893,10,05/01/2022,23/12/2022
1132,Clear_Cut,-63.14235491,-8.789984584,10,05/01/2022,23/12/2022
1133,Clear_Cut,-63.2810144,-8.786253912,10,05/01/2022,23/12/2022
1134,Clear_Cut,-63.24886478,-8.737921179,10,05/01/2022,23/12/2022
1135,Clear_Cut,-63.18103555,-8.716800199,10,05/01/2022,23/12/2022
1136,Clear_Cut,-62.87751346,-8.28599984,10,05/01/2022,23/12/2022
1137,Clear_Cut,-62.90266921,-8.321005861,10,05/01/2022,23/12/2022
1138,Clear_Cut,-62.85493942,-8.318012882,10,05/01/2022,23/12/2022
1139,Clear_Cut,-62.79286801,-8.262814965,10,05/01/2022,23/12/2022
1140,Clear_Cut,-62.91287096,-8.276280782,10,05/01/2022,23/12/2022
1141,Forest,-62.2422752,-13.07378792,9,05/01/2022,23/12/2022
1142,Forest,-62.23699435,-13.07781672,9,05/01/2022,23/12/2022
1143,Forest,-62.22654121,-13.06827717,9,05/01/2022,23/12/2022
1144,Forest,-62.23642935,-13.06907237,9,05/01/2022,23/12/2022
1145,Forest,-62.24157493,-13.07155896,9,05/01/2022,23/12/2022
1146,Wetland,-62.23763262,-13.07574969,4,05/01/2022,23/12/2022
1147,Wetland,-62.24017557,-13.06469343,4,05/01/2022,23/12/2022
1148,Wetland,-62.22507637,-13.07063212,4,05/01/2022,23/12/2022
1149,Wetland,-62.23433331,-13.07664848,4,05/01/2022,23/12/2022
1150,Wetland,-62.24077478,-13.07639551,4,05/01/2022,23/12/2022
1151,Wetland,-60.99668158,-13.51733124,4,05/01/2022,23/12/2022
1152,Wetland,-61.00237408,-13.50509857,4,05/01/2022,23/12/2022
1153,Wetland,-60.99521804,-13.53183446,4,05/01/2022,23/12/2022
1154,Wetland,-60.96904316,-13.52823769,4,05/01/2022,23/12/2022
1155,Wetland,-61.00586285,-13.51234543,4,05/01/2022,23/12/2022
1156,Wetland,-60.99546899,-13.52437076,4,05/01/2022,23/12/2022
1157,Wetland,-61.00445229,-13.53213162,4,05/01/2022,23/12/2022
1158,Wetland,-60.98723755,-13.50792655,4,05/01/2022,23/12/2022
1159,Wetland,-61.06672281,-13.49428967,4,05/01/2022,23/12/2022
1160,Wetland,-61.0595628,-13.49032529,4,05/01/2022,23/12/2022
1161,Wetland,-61.04501628,-13.50042435,4,05/01/2022,23/12/2022
1162,Wetland,-61.22715021,-13.52494616,4,05/01/2022,23/12/2022
1163,Wetland,-61.23789653,-13.50541204,4,05/01/2022,23/12/2022
1164,Wetland,-61.23716985,-13.50832627,4,05/01/2022,23/12/2022
1165,Wetland,-61.52208733,-13.51489157,4,05/01/2022,23/12/2022
1166,Wetland,-61.48707182,-13.53172153,4,05/01/2022,23/12/2022
1167,Wetland,-61.56495442,-13.50053821,4,05/01/2022,23/12/2022
1168,Wetland,-61.46410811,-13.53451363,4,05/01/2022,23/12/2022
1169,Wetland,-61.49868352,-13.53533374,4,05/01/2022,23/12/2022
1170,Wetland,-61.51652581,-13.52361063,4,05/01/2022,23/12/2022
1171,Wetland,-61.61763686,-13.49029041,4,05/01/2022,23/12/2022
1172,Wetland,-61.64695095,-13.49785028,4,05/01/2022,23/12/2022
1173,Wetland,-61.63406399,-13.50562695,4,05/01/2022,23/12/2022
1174,Wetland,-61.64124114,-13.49098754,4,05/01/2022,23/12/2022
1175,Wetland,-61.65785892,-13.50767902,4,05/01/2022,23/12/2022
1176,Wetland,-61.65086273,-13.49402762,4,05/01/2022,23/12/2022
1177,Wetland,-61.63426782,-13.49342577,4,05/01/2022,23/12/2022
1178,Wetland,-61.88003169,-13.45528147,4,05/01/2022,23/12/2022
1179,Wetland,-61.87578927,-13.44517081,4,05/01/2022,23/12/2022
1180,Wetland,-62.10065514,-13.24800755,4,05/01/2022,23/12/2022
1181,Wetland,-62.10020626,-13.19473076,4,05/01/2022,23/12/2022
1182,Wetland,-62.08650852,-13.19548571,4,05/01/2022,23/12/2022
1183,Wetland,-62.09794332,-13.26358662,4,05/01/2022,23/12/2022
1184,Wetland,-62.08519349,-13.26017088,4,05/01/2022,23/12/2022
1185,Wetland,-62.06687323,-13.27376045,4,05/01/2022,23/12/2022
1186,Forest,-62.07493846,-13.2635368,9,05/01/2022,23/12/2022
1187,Wetland,-62.10787597,-13.25587529,4,05/01/2022,23/12/2022
1188,Forest,-62.10493296,-13.22375747,9,05/01/2022,23/12/2022
1189,Forest,-62.07985322,-13.21237895,9,05/01/2022,23/12/2022
1190,Forest,-62.09556868,-13.20329016,9,05/01/2022,23/12/2022
1191,Wetland,-62.0929472,-13.23503103,4,05/01/2022,23/12/2022
1192,Wetland,-62.10020792,-13.19772904,4,05/01/2022,23/12/2022
1193,Wetland,-62.10776139,-13.20294464,4,05/01/2022,23/12/2022
1194,Wetland,-62.06319622,-13.21209455,4,05/01/2022,23/12/2022
1195,Wetland,-62.04962619,-13.21037327,4,05/01/2022,23/12/2022
1196,Wetland,-62.10354027,-13.24049875,4,05/01/2022,23/12/2022
1197,Forest,-64.26892252,-11.29133333,4,05/01/2022,23/12/2022
1198,Forest,-62.39539437,-12.02734336,4,05/01/2022,23/12/2022
1199,Forest,-61.64522271,-10.31426582,4,05/01/2022,23/12/2022
1200,Forest,-64.42283915,-12.38970395,4,05/01/2022,23/12/2022
1201,Forest,-64.34371079,-10.91921652,4,05/01/2022,23/12/2022
1202,Forest,-61.68798299,-10.45782002,4,05/01/2022,23/12/2022
1203,Forest,-61.75354612,-10.47331798,4,05/01/2022,23/12/2022
1204,Forest,-62.08823474,-12.78938355,4,05/01/2022,23/12/2022
1205,Clear_Cut,-63.08438365,-9.620503142,10,05/01/2022,23/12/2022
1206,Forest,-64.37753368,-12.33599265,4,05/01/2022,23/12/2022
1207,Forest,-61.64267097,-10.27016982,4,05/01/2022,23/12/2022
1208,Forest,-60.98569909,-11.37483318,4,05/01/2022,23/12/2022
1209,Forest,-62.21633923,-12.85769334,4,05/01/2022,23/12/2022
1210,Forest,-62.2900357,-12.64454126,4,05/01/2022,23/12/2022
1211,Forest,-62.35614037,-12.84732362,4,05/01/2022,23/12/2022
1212,Forest,-61.64942104,-10.35065147,4,05/01/2022,23/12/2022
1213,Forest,-61.90281077,-11.08479919,4,05/01/2022,23/12/2022
1214,Wetland,-61.07340699,-12.35941027,4,05/01/2022,23/12/2022
1215,Clear_Cut,-60.85290803,-11.39748328,10,05/01/2022,23/12/2022
1216,Forest,-61.8302061,-10.53124775,4,05/01/2022,23/12/2022
1217,Forest,-62.36919118,-12.99372515,4,05/01/2022,23/12/2022
1218,Forest,-62.33643719,-12.63974727,4,05/01/2022,23/12/2022
1219,Forest,-62.33807489,-12.83782331,4,05/01/2022,23/12/2022
1220,Forest,-63.87605662,-11.02479293,4,05/01/2022,23/12/2022
1221,Forest,-61.55489063,-10.63624495,4,05/01/2022,23/12/2022
1222,Forest,-62.09096299,-11.62990238,4,05/01/2022,23/12/2022
1223,Forest,-61.5266858,-10.64876351,4,05/01/2022,23/12/2022
1224,Clear_Cut,-61.59965441,-11.00478812,10,05/01/2022,23/12/2022
1225,Forest,-64.14554916,-11.54175929,4,05/01/2022,23/12/2022
1226,Forest,-61.67523411,-10.45059331,4,05/01/2022,23/12/2022
1227,Forest,-64.31059287,-12.42445843,4,05/01/2022,23/12/2022
1228,Clear_Cut,-62.03637426,-11.84681937,10,05/01/2022,23/12/2022
1229,Forest,-61.57217745,-10.59922279,4,05/01/2022,23/12/2022
1230,Forest,-62.28239311,-12.8924621,4,05/01/2022,23/12/2022
1231,Clear_Cut,-64.38880665,-12.24791044,10,05/01/2022,23/12/2022
1232,Forest,-62.10402003,-11.91758775,4,05/01/2022,23/12/2022
1233,Forest,-62.38083704,-12.85733853,4,05/01/2022,23/12/2022
1234,Clear_Cut,-64.3629293,-12.42377667,10,05/01/2022,23/12/2022
1235,Forest,-61.58291348,-10.2344877,4,05/01/2022,23/12/2022
1236,Forest,-62.08840526,-11.59882901,4,05/01/2022,23/12/2022
1237,Forest,-62.04092342,-12.32332465,4,05/01/2022,23/12/2022
1238,Forest,-62.46636134,-12.53407926,4,05/01/2022,23/12/2022
1239,Forest,-63.69227035,-11.95845935,4,05/01/2022,23/12/2022
1240,Forest,-64.40994663,-12.35549975,4,05/01/2022,23/12/2022
1241,Forest,-61.2367309,-11.79704719,4,05/01/2022,23/12/2022
1242,Forest,-62.60501989,-12.63086928,4,05/01/2022,23/12/2022
1243,Forest,-63.78980445,-9.296782886,4,05/01/2022,23/12/2022
1244,Forest,-64.02668192,-11.78753328,4,05/01/2022,23/12/2022
1245,Forest,-59.98590983,-11.3660533,4,05/01/2022,23/12/2022
1246,Forest,-61.90820591,-10.00114946,4,05/01/2022,23/12/2022
1247,Forest,-62.4750379,-9.085881652,4,05/01/2022,23/12/2022
1248,Forest,-60.16120841,-11.38678522,4,05/01/2022,23/12/2022
1249,Forest,-61.92943729,-12.20097252,4,05/01/2022,23/12/2022
1250,Forest,-64.2274522,-11.58841822,4,05/01/2022,23/12/2022
1251,Forest,-62.21236334,-11.44355649,4,05/01/2022,23/12/2022
1252,Forest,-61.66428147,-9.727788282,4,05/01/2022,23/12/2022
1253,Forest,-59.98763654,-11.37643676,4,05/01/2022,23/12/2022
1254,Forest,-61.11635111,-11.15800444,4,05/01/2022,23/12/2022
1255,Forest,-64.52112823,-11.56850108,4,05/01/2022,23/12/2022
1256,Forest,-64.14556672,-11.75362177,4,05/01/2022,23/12/2022
1257,Forest,-60.81362048,-11.99904116,4,05/01/2022,23/12/2022
1258,Forest,-61.19259512,-11.00121569,4,05/01/2022,23/12/2022
1259,Forest,-64.2327072,-11.3725825,4,05/01/2022,23/12/2022
1260,Forest,-63.57199042,-11.47244896,4,05/01/2022,23/12/2022
1261,Forest,-62.88611578,-10.22734715,4,05/01/2022,23/12/2022
1262,Forest,-64.38265164,-10.91707245,4,05/01/2022,23/12/2022
1263,Forest,-64.1106701,-11.44665363,4,05/01/2022,23/12/2022
1264,Forest,-60.29659156,-12.01862259,4,05/01/2022,23/12/2022
1265,Forest,-61.70774257,-9.832579771,4,05/01/2022,23/12/2022
1266,Forest,-65.56724752,-9.699875933,4,05/01/2022,23/12/2022
1267,Forest,-61.68123777,-11.96957673,4,05/01/2022,23/12/2022
1268,Forest,-64.81973542,-10.82379032,4,05/01/2022,23/12/2022
1269,Forest,-61.66534435,-9.74614895,4,05/01/2022,23/12/2022
1270,Forest,-66.17174729,-9.515617587,4,05/01/2022,23/12/2022
1271,Forest,-61.56398896,-9.79008444,4,05/01/2022,23/12/2022
1272,Forest,-64.85115471,-9.625914559,4,05/01/2022,23/12/2022
1273,Forest,-61.45189753,-13.28274378,4,05/01/2022,23/12/2022
1274,Forest,-62.42016696,-12.68270058,4,05/01/2022,23/12/2022
1275,Forest,-62.75277678,-12.91285989,4,05/01/2022,23/12/2022
1276,Forest,-65.19331286,-11.15550505,4,05/01/2022,23/12/2022
1277,Forest,-60.10620802,-12.35194133,4,05/01/2022,23/12/2022
1278,Forest,-63.60569797,-8.268771969,4,05/01/2022,23/12/2022
1279,Forest,-64.25282337,-11.03350987,4,05/01/2022,23/12/2022
1280,Forest,-60.30138191,-11.25204533,4,05/01/2022,23/12/2022
1281,Forest,-63.05088644,-8.957806636,4,05/01/2022,23/12/2022
1282,Forest,-64.65159828,-10.94047775,4,05/01/2022,23/12/2022
1283,Forest,-60.95857986,-13.52865223,4,05/01/2022,23/12/2022
1284,Forest,-62.95494167,-8.890348601,4,05/01/2022,23/12/2022
1285,Forest,-63.45485765,-8.661932516,4,05/01/2022,23/12/2022
1286,Forest,-61.88588788,-9.981359875,4,05/01/2022,23/12/2022
1287,Forest,-60.74254488,-12.66115898,4,05/01/2022,23/12/2022
1288,Forest,-61.60001834,-8.814653237,4,05/01/2022,23/12/2022
1289,Forest,-63.37928779,-11.28901354,4,05/01/2022,23/12/2022
1290,Forest,-64.66261647,-10.97563666,4,05/01/2022,23/12/2022
1291,Forest,-62.94880921,-9.388022082,4,05/01/2022,23/12/2022
1292,Forest,-61.77258604,-10.47537995,4,05/01/2022,23/12/2022
1293,Forest,-62.29323071,-9.303958375,4,05/01/2022,23/12/2022
1294,Forest,-61.91077736,-10.77227057,4,05/01/2022,23/12/2022
1295,Forest,-62.86050101,-9.300374397,4,05/01/2022,23/12/2022
1296,Forest,-62.04001359,-11.33076685,4,05/01/2022,23/12/2022
1297,Forest,-64.72456896,-9.76228451,4,05/01/2022,23/12/2022
1298,Forest,-63.2506374,-8.390764251,4,05/01/2022,23/12/2022
1299,Forest,-60.43169135,-11.23402671,4,05/01/2022,23/12/2022
1300,Forest,-60.56836825,-12.22199481,4,05/01/2022,23/12/2022
1301,Forest,-66.15864569,-9.486184414,4,05/01/2022,23/12/2022
1302,Forest,-64.40594337,-11.89739244,4,05/01/2022,23/12/2022
1303,Forest,-63.55798003,-9.353418612,4,05/01/2022,23/12/2022
1304,Forest,-64.54987895,-11.37322764,4,05/01/2022,23/12/2022
1305,Forest,-65.13690321,-10.6165719,4,05/01/2022,23/12/2022
1306,Forest,-62.03563915,-12.57926694,4,05/01/2022,23/12/2022
1307,Forest,-64.43032689,-10.91421366,4,05/01/2022,23/12/2022
1308,Forest,-60.48458974,-11.65951955,4,05/01/2022,23/12/2022
1309,Forest,-63.8319496,-8.573132768,4,05/01/2022,23/12/2022
1310,Forest,-64.29603554,-11.87353167,4,05/01/2022,23/12/2022
1311,Forest,-64.20370583,-12.30842845,4,05/01/2022,23/12/2022
1312,Forest,-61.68627051,-12.54953259,4,05/01/2022,23/12/2022
1313,Forest,-62.59456636,-11.36805528,4,05/01/2022,23/12/2022
1314,Forest,-62.16411481,-9.56658123,4,05/01/2022,23/12/2022
1315,Forest,-63.50681901,-9.214198481,4,05/01/2022,23/12/2022
1316,Forest,-65.04834866,-10.36609925,4,05/01/2022,23/12/2022
1317,Forest,-61.2389966,-11.79035879,4,05/01/2022,23/12/2022
1318,Forest,-63.21348574,-8.615495598,4,05/01/2022,23/12/2022
1319,Forest,-64.26055205,-11.83132504,4,05/01/2022,23/12/2022
1320,Forest,-60.7753457,-11.02765065,4,05/01/2022,23/12/2022
1321,Forest,-63.04082991,-12.35247795,4,05/01/2022,23/12/2022
1322,Forest,-61.09619654,-11.2270878,4,05/01/2022,23/12/2022
1323,Forest,-60.27369838,-12.90296368,4,05/01/2022,23/12/2022
1324,Forest,-63.31832898,-11.10158446,4,05/01/2022,23/12/2022
1325,Forest,-60.42167458,-12.0383808,4,05/01/2022,23/12/2022
1326,Forest,-60.6894616,-12.03671269,4,05/01/2022,23/12/2022
1327,Forest,-62.35040335,-12.10620905,4,05/01/2022,23/12/2022
1328,Forest,-63.02351725,-11.36619062,4,05/01/2022,23/12/2022
1329,Forest,-61.51704157,-9.603363621,4,05/01/2022,23/12/2022
1330,Forest,-60.22238946,-12.28463156,4,05/01/2022,23/12/2022
1331,Forest,-62.96236874,-8.825317879,4,05/01/2022,23/12/2022
1332,Forest,-64.67416214,-11.071406,4,05/01/2022,23/12/2022
1333,Forest,-65.04069143,-10.58508689,4,05/01/2022,23/12/2022
1334,Forest,-62.98242191,-11.32791891,4,05/01/2022,23/12/2022
1335,Forest,-62.57458137,-12.73083602,4,05/01/2022,23/12/2022
1336,Forest,-63.76258263,-9.180223221,4,05/01/2022,23/12/2022
1337,Forest,-63.54960853,-8.362500271,4,05/01/2022,23/12/2022
1338,Forest,-60.71977857,-12.45690182,4,05/01/2022,23/12/2022
1339,Forest,-60.4332552,-12.17735634,4,05/01/2022,23/12/2022
1340,Forest,-61.79100168,-12.5937315,4,05/01/2022,23/12/2022
1341,Forest,-64.8535361,-9.301855216,4,05/01/2022,23/12/2022
1342,Forest,-63.92692172,-10.56728312,4,05/01/2022,23/12/2022
1343,Forest,-62.51803882,-8.901020427,4,05/01/2022,23/12/2022
1344,Forest,-60.58051076,-11.23389694,4,05/01/2022,23/12/2022
1345,Forest,-62.95093841,-9.201055604,4,05/01/2022,23/12/2022
1346,Forest,-63.31833416,-11.62299072,4,05/01/2022,23/12/2022
1347,Forest,-62.41985371,-9.685473306,4,05/01/2022,23/12/2022
1348,Forest,-63.19630845,-8.498600086,4,05/01/2022,23/12/2022
1349,Forest,-61.82192435,-8.87422969,4,05/01/2022,23/12/2022
1350,Forest,-62.8675977,-8.530973452,4,05/01/2022,23/12/2022
1351,Forest,-63.06139214,-9.0265967,4,05/01/2022,23/12/2022
1352,Forest,-64.51457743,-11.98818665,4,05/01/2022,23/12/2022
1353,Forest,-64.09107514,-11.23121073,4,05/01/2022,23/12/2022
1354,Forest,-62.85085762,-9.742984308,4,05/01/2022,23/12/2022
1355,Forest,-62.48695012,-12.04172456,4,05/01/2022,23/12/2022
1356,Forest,-62.500935,-12.71218011,4,05/01/2022,23/12/2022
1357,Forest,-64.63449342,-11.63890888,4,05/01/2022,23/12/2022
1358,Forest,-62.51832674,-9.872666792,4,05/01/2022,23/12/2022
1359,Forest,-61.70973008,-10.25322783,4,05/01/2022,23/12/2022
1360,Forest,-60.54424811,-11.31113999,4,05/01/2022,23/12/2022
1361,Forest,-64.25740095,-11.40244312,4,05/01/2022,23/12/2022
1362,Forest,-64.79810672,-9.012361136,4,05/01/2022,23/12/2022
1363,Forest,-62.3826567,-9.114465646,4,05/01/2022,23/12/2022
1364,Forest,-59.97654342,-12.49594876,4,05/01/2022,23/12/2022
1365,Forest,-63.27426402,-11.60544691,4,05/01/2022,23/12/2022
1366,Forest,-60.78597803,-12.03640215,4,05/01/2022,23/12/2022
1367,Forest,-63.67301555,-9.851600164,4,05/01/2022,23/12/2022
1368,Forest,-64.19561461,-11.47187021,4,05/01/2022,23/12/2022
1369,Forest,-64.09514441,-9.353883525,4,05/01/2022,23/12/2022
1370,Forest,-63.02827421,-12.22375244,4,05/01/2022,23/12/2022
1371,Forest,-63.49121493,-8.029436807,4,05/01/2022,23/12/2022
1372,Forest,-63.01869529,-12.72043499,4,05/01/2022,23/12/2022
1373,Forest,-61.94484506,-9.461236027,4,05/01/2022,23/12/2022
1374,Forest,-61.65297063,-9.544150988,4,05/01/2022,23/12/2022
1375,Forest,-61.35118052,-11.08999997,4,05/01/2022,23/12/2022
1376,Forest,-62.79356246,-9.278948193,4,05/01/2022,23/12/2022
1377,Forest,-62.1470389,-9.034150604,4,05/01/2022,23/12/2022
1378,Forest,-64.81136496,-11.09087057,4,05/01/2022,23/12/2022
1379,Forest,-60.48906668,-11.19738842,4,05/01/2022,23/12/2022
1380,Forest,-60.69647148,-12.74051735,4,05/01/2022,23/12/2022
1381,Forest,-63.14887947,-11.79663263,4,05/01/2022,23/12/2022
1382,Forest,-63.10862254,-11.18280508,4,05/01/2022,23/12/2022
1383,Forest,-65.14618367,-10.8648037,4,05/01/2022,23/12/2022
1384,Forest,-64.21087517,-11.41175801,4,05/01/2022,23/12/2022
1385,Forest,-60.17009806,-11.43796941,4,05/01/2022,23/12/2022
1386,Forest,-63.92474477,-10.94117859,4,05/01/2022,23/12/2022
1387,Forest,-62.14605249,-9.630109181,4,05/01/2022,23/12/2022
1388,Forest,-65.85391795,-9.682279399,4,05/01/2022,23/12/2022
1389,Forest,-62.9336211,-8.244157822,4,05/01/2022,23/12/2022
1390,Forest,-64.33151903,-11.55459567,4,05/01/2022,23/12/2022
1391,Forest,-60.72938195,-12.51404049,4,05/01/2022,23/12/2022
1392,Forest,-64.11996121,-10.71676996,4,05/01/2022,23/12/2022
1393,Forest,-62.41336335,-8.643183235,4,05/01/2022,23/12/2022
1394,Forest,-61.57731707,-9.532257681,4,05/01/2022,23/12/2022
1395,Forest,-63.16615057,-12.24809523,4,05/01/2022,23/12/2022
1396,Forest,-63.23771214,-11.11042017,4,05/01/2022,23/12/2022
1397,Forest,-63.81725639,-11.17122899,4,05/01/2022,23/12/2022
1398,Forest,-64.57262478,-11.12729618,4,05/01/2022,23/12/2022
1399,Forest,-60.07564912,-11.8576821,4,05/01/2022,23/12/2022
1400,Forest,-64.37394946,-10.97689463,4,05/01/2022,23/12/2022
1401,Forest,-63.32669944,-10.53321566,4,05/01/2022,23/12/2022
1402,Forest,-61.9624749,-9.165619014,4,05/01/2022,23/12/2022
1403,Forest,-63.60462096,-8.612804666,4,05/01/2022,23/12/2022
1404,Forest,-62.78100746,-10.23104965,4,05/01/2022,23/12/2022
1405,Forest,-60.67265261,-11.14073664,4,05/01/2022,23/12/2022
1406,Forest,-64.08253259,-10.87450227,4,05/01/2022,23/12/2022
1407,Forest,-63.06357319,-11.57666226,4,05/01/2022,23/12/2022
1408,Forest,-63.90903372,-10.60120749,4,05/01/2022,23/12/2022
1409,Forest,-64.09402197,-9.205672135,4,05/01/2022,23/12/2022
1410,Forest,-60.69309717,-11.86296001,4,05/01/2022,23/12/2022
1411,Forest,-63.16169619,-8.802077107,4,05/01/2022,23/12/2022
1412,Forest,-64.21314686,-10.03196276,4,05/01/2022,23/12/2022
1413,Forest,-65.03734385,-11.36513645,4,05/01/2022,23/12/2022
1414,Forest,-63.87393037,-10.63647845,4,05/01/2022,23/12/2022
1415,Forest,-60.95056972,-11.66855791,4,05/01/2022,23/12/2022
1416,Forest,-62.7684259,-9.300194822,4,05/01/2022,23/12/2022
1417,Forest,-63.30146831,-8.440645044,4,05/01/2022,23/12/2022
1418,Forest,-62.62230672,-12.35194468,4,05/01/2022,23/12/2022
1419,Forest,-64.29123601,-10.90453164,4,05/01/2022,23/12/2022
1420,Forest,-60.14763302,-11.60409029,4,05/01/2022,23/12/2022
1421,Forest,-60.51931869,-12.04976692,4,05/01/2022,23/12/2022
1422,Forest,-62.22612358,-8.713489172,4,05/01/2022,23/12/2022
1423,Forest,-63.23112482,-11.57521033,4,05/01/2022,23/12/2022
1424,Forest,-62.83798887,-9.236440556,4,05/01/2022,23/12/2022
1425,Forest,-63.97932078,-10.81867151,4,05/01/2022,23/12/2022
1426,Forest,-62.40022979,-10.17725099,4,05/01/2022,23/12/2022
1427,Forest,-64.8792385,-9.439337389,4,05/01/2022,23/12/2022
1428,Forest,-62.78407805,-11.2709775,4,05/01/2022,23/12/2022
1429,Forest,-64.26764875,-12.06435901,4,05/01/2022,23/12/2022
1430,Forest,-62.7598294,-9.311376457,4,05/01/2022,23/12/2022
1431,Forest,-63.45646494,-12.06591961,4,05/01/2022,23/12/2022
1432,Forest,-60.57582429,-12.16542782,4,05/01/2022,23/12/2022
1433,Forest,-61.75498619,-9.054283694,4,05/01/2022,23/12/2022
1434,Forest,-64.82789589,-9.08579598,4,05/01/2022,23/12/2022
1435,Forest,-64.09081921,-11.84384066,4,05/01/2022,23/12/2022
1436,Forest,-60.69638993,-11.10551177,4,05/01/2022,23/12/2022
1437,Forest,-61.78389207,-9.946157669,4,05/01/2022,23/12/2022
1438,Forest,-64.09004629,-10.5151765,4,05/01/2022,23/12/2022
1439,Forest,-62.27475051,-8.917494441,4,05/01/2022,23/12/2022
1440,Forest,-65.01482332,-10.26313282,4,05/01/2022,23/12/2022
1441,Forest,-63.12722173,-11.29507565,4,05/01/2022,23/12/2022
1442,Forest,-61.5765848,-11.49223215,4,05/01/2022,23/12/2022
1443,Forest,-63.824924,-11.351106,4,05/01/2022,23/12/2022
1444,Forest,-63.59194417,-9.832207211,4,05/01/2022,23/12/2022
1445,Forest,-64.50753654,-10.67042362,4,05/01/2022,23/12/2022
1446,Forest,-63.28037516,-9.603134909,4,05/01/2022,23/12/2022
1447,Forest,-62.89515372,-11.36177032,4,05/01/2022,23/12/2022
1448,Forest,-63.67815362,-8.280238017,4,05/01/2022,23/12/2022
1449,Forest,-64.81737511,-9.113178895,4,05/01/2022,23/12/2022
1450,Forest,-63.32400244,-10.71616351,4,05/01/2022,23/12/2022
1451,Forest,-66.12722389,-9.65121918,4,05/01/2022,23/12/2022
1452,Forest,-62.81538332,-12.35384346,4,05/01/2022,23/12/2022
1453,Forest,-64.78340502,-10.68315616,4,05/01/2022,23/12/2022
1454,Forest,-63.2303765,-8.260892563,4,05/01/2022,23/12/2022
1455,Forest,-61.7187485,-10.13182976,4,05/01/2022,23/12/2022
1456,Forest,-62.62994932,-12.17163987,4,05/01/2022,23/12/2022
1457,Forest,-62.33410374,-8.775219212,4,05/01/2022,23/12/2022
1458,Forest,-63.58115507,-11.09592124,4,05/01/2022,23/12/2022
1459,Forest,-63.15518368,-9.035183663,4,05/01/2022,23/12/2022
1460,Forest,-62.9276351,-9.865966179,4,05/01/2022,23/12/2022
1461,Forest,-60.64311949,-11.51382534,4,05/01/2022,23/12/2022
1462,Forest,-61.78529247,-10.67169466,4,05/01/2022,23/12/2022
1463,Forest,-63.28583076,-8.011219149,4,05/01/2022,23/12/2022
1464,Forest,-61.73467363,-10.14601419,4,05/01/2022,23/12/2022
1465,Forest,-63.63786233,-12.39335819,4,05/01/2022,23/12/2022
1466,Forest,-63.98177922,-11.19834872,4,05/01/2022,23/12/2022
1467,Forest,-63.09533488,-10.74651476,4,05/01/2022,23/12/2022
1468,Forest,-60.01618103,-11.90273412,4,05/01/2022,23/12/2022
1469,Forest,-64.11874054,-12.35880759,4,05/01/2022,23/12/2022
1470,Forest,-62.57281181,-11.48256175,4,05/01/2022,23/12/2022
1471,Forest,-61.02937941,-13.42861149,4,05/01/2022,23/12/2022
1472,Forest,-61.8633837,-13.37039464,4,05/01/2022,23/12/2022
1473,Forest,-61.79035541,-10.71260014,4,05/01/2022,23/12/2022
1474,Forest,-63.28079607,-11.3273766,4,05/01/2022,23/12/2022
1475,Forest,-61.00692796,-12.33060433,4,05/01/2022,23/12/2022
1476,Forest,-64.19431621,-11.04801109,4,05/01/2022,23/12/2022
1477,Forest,-60.97289442,-12.07269514,4,05/01/2022,23/12/2022
1478,Forest,-64.5770704,-12.15352127,4,05/01/2022,23/12/2022
1479,Forest,-64.34898782,-11.34022295,4,05/01/2022,23/12/2022
1480,Forest,-65.91626618,-9.698979106,4,05/01/2022,23/12/2022
1481,Forest,-60.47273524,-11.96967422,4,05/01/2022,23/12/2022
1482,Forest,-64.91071873,-9.354960805,4,05/01/2022,23/12/2022
1483,Forest,-62.51823271,-8.959730903,4,05/01/2022,23/12/2022
1484,Forest,-62.48928913,-12.15171701,4,05/01/2022,23/12/2022
1485,Forest,-63.22552601,-8.177563986,4,05/01/2022,23/12/2022
1486,Forest,-62.83993878,-10.00716544,4,05/01/2022,23/12/2022
1487,Forest,-64.3175076,-11.34611056,4,05/01/2022,23/12/2022
1488,Forest,-61.95032837,-10.65667775,4,05/01/2022,23/12/2022
1489,Forest,-63.47754976,-11.90130968,4,05/01/2022,23/12/2022
1490,Forest,-60.14610518,-12.0026041,4,05/01/2022,23/12/2022
1491,Forest,-63.69791131,-8.278596413,4,05/01/2022,23/12/2022
1492,Forest,-64.77460771,-9.148780787,4,05/01/2022,23/12/2022
1493,Forest,-61.82428179,-12.49213833,4,05/01/2022,23/12/2022
1494,Forest,-63.74904478,-8.663403543,4,05/01/2022,23/12/2022
1495,Forest,-64.65596548,-11.03729525,4,05/01/2022,23/12/2022
1496,Forest,-65.02008065,-10.60136912,4,05/01/2022,23/12/2022
1497,Forest,-60.14446748,-12.14104343,4,05/01/2022,23/12/2022
1498,Forest,-64.13044593,-10.96405984,4,05/01/2022,23/12/2022
1499,Clear_Cut,-62.36191251,-9.305043305,10,05/01/2022,23/12/2022
1500,Forest,-64.25108979,-11.292404,4,05/01/2022,23/12/2022
1501,Forest,-62.92054998,-12.15047178,4,05/01/2022,23/12/2022
1502,Forest,-63.06412163,-12.33061328,4,05/01/2022,23/12/2022
1503,Forest,-65.03300028,-11.1435434,4,05/01/2022,23/12/2022
1504,Forest,-61.6198527,-10.56648932,4,05/01/2022,23/12/2022
1505,Forest,-61.51776944,-10.57936848,4,05/01/2022,23/12/2022
1506,Forest,-63.52586803,-11.39729087,4,05/01/2022,23/12/2022
1507,Forest,-63.71064898,-9.057865415,4,05/01/2022,23/12/2022
1508,Forest,-66.26436829,-9.480800024,4,05/01/2022,23/12/2022
1509,Forest,-63.74043012,-9.098380473,4,05/01/2022,23/12/2022
1510,Forest,-62.50512023,-8.381943229,4,05/01/2022,23/12/2022
1511,Forest,-62.94875481,-8.918033742,4,05/01/2022,23/12/2022
1512,Forest,-60.19901509,-11.68408117,4,05/01/2022,23/12/2022
1513,Forest,-61.33897618,-13.21337345,4,05/01/2022,23/12/2022
1514,Forest,-61.8127373,-8.785521665,4,05/01/2022,23/12/2022
1515,Forest,-64.17482024,-10.90254837,4,05/01/2022,23/12/2022
1516,Forest,-61.75238407,-8.848924605,4,05/01/2022,23/12/2022
1517,Forest,-62.773339,-8.847198758,4,05/01/2022,23/12/2022
1518,Forest,-61.84003229,-9.955910722,4,05/01/2022,23/12/2022
1519,Forest,-62.8839747,-11.9912126,4,05/01/2022,23/12/2022
1520,Forest,-63.73630627,-11.79819628,4,05/01/2022,23/12/2022
1521,Forest,-62.84451959,-11.38130342,4,05/01/2022,23/12/2022
1522,Forest,-62.9239662,-12.04197984,4,05/01/2022,23/12/2022
1523,Forest,-63.89752868,-8.364616731,4,05/01/2022,23/12/2022
1524,Forest,-63.7459505,-10.66360628,4,05/01/2022,23/12/2022
1525,Forest,-61.35391735,-11.64312545,4,05/01/2022,23/12/2022
1526,Forest,-64.60119353,-11.21958969,4,05/01/2022,23/12/2022
1527,Forest,-61.76488009,-10.02759338,4,05/01/2022,23/12/2022
1528,Forest,-60.40922889,-11.89009198,4,05/01/2022,23/12/2022
1529,Forest,-61.56744632,-11.54978209,4,05/01/2022,23/12/2022
1530,Forest,-62.79444713,-9.36609251,4,05/01/2022,23/12/2022
1531,Forest,-61.1572936,-12.84562958,4,05/01/2022,23/12/2022
1532,Forest,-62.61521002,-9.854452877,4,05/01/2022,23/12/2022
1533,Forest,-60.82156521,-11.95044844,4,05/01/2022,23/12/2022
1534,Forest,-60.86898639,-11.97264057,4,05/01/2022,23/12/2022
1535,Forest,-60.55898741,-11.86088817,4,05/01/2022,23/12/2022
1536,Forest,-63.9202745,-9.222430368,4,05/01/2022,23/12/2022
1537,Forest,-60.9463943,-12.69762418,4,05/01/2022,23/12/2022
1538,Forest,-62.92837455,-9.356756266,4,05/01/2022,23/12/2022
1539,Forest,-63.54516121,-11.27440747,4,05/01/2022,23/12/2022
1540,Forest,-64.93510225,-11.18906646,4,05/01/2022,23/12/2022
1541,Forest,-63.06812264,-10.00381309,4,05/01/2022,23/12/2022
1542,Forest,-64.24146818,-11.02680625,4,05/01/2022,23/12/2022
1543,Forest,-64.72620459,-11.52393002,4,05/01/2022,23/12/2022
1544,Forest,-61.58600692,-12.81351587,4,05/01/2022,23/12/2022
1545,Forest,-62.46290398,-12.00812169,4,05/01/2022,23/12/2022
1546,Forest,-63.14691644,-8.408765715,4,05/01/2022,23/12/2022
1547,Forest,-60.29485866,-12.58946231,4,05/01/2022,23/12/2022
1548,Forest,-60.1846821,-11.21869724,4,05/01/2022,23/12/2022
1549,Forest,-63.56074604,-10.86884214,4,05/01/2022,23/12/2022
1550,Forest,-61.58855445,-10.27209045,4,05/01/2022,23/12/2022
1551,Forest,-63.08283292,-9.089397528,4,05/01/2022,23/12/2022
1552,Forest,-62.41336624,-12.86111328,4,05/01/2022,23/12/2022
1553,Forest,-60.58079345,-12.14253217,4,05/01/2022,23/12/2022
1554,Forest,-63.11991158,-9.697288889,4,05/01/2022,23/12/2022
1555,Forest,-61.68354101,-9.893892514,4,05/01/2022,23/12/2022
1556,Forest,-60.43342164,-12.81415269,4,05/01/2022,23/12/2022
1557,Forest,-64.45648654,-11.54546271,4,05/01/2022,23/12/2022
1558,Forest,-62.78209687,-11.2116154,4,05/01/2022,23/12/2022
1559,Forest,-60.43652627,-11.11633173,4,05/01/2022,23/12/2022
1560,Forest,-64.77715524,-10.93886981,4,05/01/2022,23/12/2022
1561,Forest,-63.57199042,-9.283314395,4,05/01/2022,23/12/2022
1562,Forest,-63.09778546,-9.034324279,4,05/01/2022,23/12/2022
1563,Forest,-63.99918594,-8.802293583,4,05/01/2022,23/12/2022
1564,Forest,-62.19935936,-8.828467196,4,05/01/2022,23/12/2022
1565,Forest,-63.37146323,-7.97668406,4,05/01/2022,23/12/2022
1566,Forest,-63.80745521,-8.416686094,4,05/01/2022,23/12/2022
1567,Forest,-63.41477128,-11.78661809,4,05/01/2022,23/12/2022
1568,Forest,-62.05049316,-9.741316015,4,05/01/2022,23/12/2022
1569,Forest,-63.75905209,-11.81582983,4,05/01/2022,23/12/2022
1570,Forest,-63.29649299,-8.45430568,4,05/01/2022,23/12/2022
1571,Forest,-64.21777774,-9.842926517,4,05/01/2022,23/12/2022
1572,Forest,-61.71975237,-10.47453079,4,05/01/2022,23/12/2022
1573,Forest,-60.22534747,-12.46040483,4,05/01/2022,23/12/2022
1574,Forest,-63.60926544,-9.788431169,4,05/01/2022,23/12/2022
1575,Forest,-64.76164863,-9.455565715,4,05/01/2022,23/12/2022
1576,Forest,-61.75323422,-8.909944145,4,05/01/2022,23/12/2022
1577,Forest,-60.53391276,-12.40034096,4,05/01/2022,23/12/2022
1578,Forest,-64.49551915,-8.995938923,4,05/01/2022,23/12/2022
1579,Forest,-63.28916271,-12.10618951,4,05/01/2022,23/12/2022
1580,Forest,-60.6641641,-11.19888423,4,05/01/2022,23/12/2022
1581,Forest,-62.97004702,-11.49397797,4,05/01/2022,23/12/2022
1582,Forest,-64.78643554,-11.47168373,4,05/01/2022,23/12/2022
1583,Forest,-61.5457923,-9.885287905,4,05/01/2022,23/12/2022
1584,Forest,-66.45565336,-9.62144362,4,05/01/2022,23/12/2022
1585,Forest,-64.35317135,-10.64451266,4,05/01/2022,23/12/2022
1586,Forest,-63.13781811,-11.2790204,4,05/01/2022,23/12/2022
1587,Forest,-63.81291421,-10.69185918,4,05/01/2022,23/12/2022
1588,Forest,-63.11047464,-10.66137129,4,05/01/2022,23/12/2022
1589,Forest,-66.3275107,-9.530512679,4,05/01/2022,23/12/2022
1590,Forest,-61.6664773,-9.332674993,4,05/01/2022,23/12/2022
1591,Forest,-65.94055625,-9.640120138,4,05/01/2022,23/12/2022
1592,Forest,-63.92118434,-11.22762158,4,05/01/2022,23/12/2022
1593,Forest,-63.19672877,-10.8620024,4,05/01/2022,23/12/2022
1594,Forest,-64.38993031,-11.69094573,4,05/01/2022,23/12/2022
1595,Forest,-63.09541989,-8.847917964,4,05/01/2022,23/12/2022
1596,Forest,-64.36063368,-11.94492967,4,05/01/2022,23/12/2022
1597,Forest,-64.12000725,-9.450652246,4,05/01/2022,23/12/2022
1598,Forest,-63.9350138,-11.38625007,4,05/01/2022,23/12/2022
1599,Forest,-63.03749116,-11.32499411,4,05/01/2022,23/12/2022
1600,Forest,-63.60765588,-11.10819116,4,05/01/2022,23/12/2022
1601,Forest,-60.277849,-11.4986105,4,05/01/2022,23/12/2022
1602,Forest,-64.22755448,-10.77626001,4,05/01/2022,23/12/2022
1603,Forest,-62.07458188,-12.72012626,4,05/01/2022,23/12/2022
1604,Forest,-63.38511072,-11.19049452,4,05/01/2022,23/12/2022
1605,Forest,-60.84704054,-12.63992483,4,05/01/2022,23/12/2022
1606,Forest,-63.48246286,-10.78696982,4,05/01/2022,23/12/2022
1607,Forest,-64.4101286,-12.01488503,4,05/01/2022,23/12/2022
1608,Forest,-61.29232062,-11.78934762,4,05/01/2022,23/12/2022
1609,Forest,-63.05647904,-9.04133287,4,05/01/2022,23/12/2022
1610,Forest,-62.47290959,-9.588754934,4,05/01/2022,23/12/2022
1611,Forest,-60.27057034,-11.53872839,4,05/01/2022,23/12/2022
1612,Forest,-64.39036221,-10.02874268,4,05/01/2022,23/12/2022
1613,Forest,-61.172009,-12.39535615,4,05/01/2022,23/12/2022
1614,Forest,-63.51228786,-11.74630013,4,05/01/2022,23/12/2022
1615,Forest,-64.62975066,-11.79875168,4,05/01/2022,23/12/2022
1616,Forest,-64.47047897,-9.108285171,4,05/01/2022,23/12/2022
1617,Forest,-63.94682973,-10.69435262,4,05/01/2022,23/12/2022
1618,Forest,-62.04547259,-10.09836446,4,05/01/2022,23/12/2022
1619,Forest,-62.87451243,-8.741100606,4,05/01/2022,23/12/2022
1620,Forest,-62.29881492,-11.55891848,4,05/01/2022,23/12/2022
1621,Forest,-62.91224441,-11.2662649,4,05/01/2022,23/12/2022
1622,Forest,-66.04873786,-9.591701343,4,05/01/2022,23/12/2022
1623,Forest,-62.90035169,-12.31141354,4,05/01/2022,23/12/2022
1624,Forest,-60.72324245,-13.05671939,4,05/01/2022,23/12/2022
1625,Forest,-62.27733367,-9.635568373,4,05/01/2022,23/12/2022
1626,Forest,-65.32323701,-9.354960805,4,05/01/2022,23/12/2022
1627,Forest,-60.63559535,-12.5614328,4,05/01/2022,23/12/2022
1628,Forest,-61.96049418,-9.917374778,4,05/01/2022,23/12/2022
1629,Forest,-64.91854329,-10.75318394,4,05/01/2022,23/12/2022
1630,Forest,-64.81718789,-11.88884554,4,05/01/2022,23/12/2022
1631,Forest,-64.16821581,-11.10499706,4,05/01/2022,23/12/2022
1632,Forest,-63.49865788,-10.93922713,4,05/01/2022,23/12/2022
1633,Forest,-63.42738735,-10.6753262,4,05/01/2022,23/12/2022
1634,Forest,-64.78879319,-10.64364522,4,05/01/2022,23/12/2022
1635,Forest,-62.39177059,-9.051515251,4,05/01/2022,23/12/2022
1636,Forest,-66.26054699,-9.478825726,4,05/01/2022,23/12/2022
1637,Forest,-61.76597189,-9.32605262,4,05/01/2022,23/12/2022
1638,Forest,-61.42169107,-13.15112392,4,05/01/2022,23/12/2022
1639,Forest,-61.98505968,-10.05482864,4,05/01/2022,23/12/2022
1640,Forest,-60.19650993,-12.0113254,4,05/01/2022,23/12/2022
1641,Forest,-60.77903128,-11.17936069,4,05/01/2022,23/12/2022
1642,Forest,-63.03391518,-8.420646223,4,05/01/2022,23/12/2022
1643,Forest,-64.95402295,-11.29427686,4,05/01/2022,23/12/2022
1644,Forest,-62.20882924,-9.374748935,4,05/01/2022,23/12/2022
1645,Forest,-64.55406418,-11.78376799,4,05/01/2022,23/12/2022
1646,Forest,-64.85867628,-10.76998798,4,05/01/2022,23/12/2022
1647,Forest,-63.44004626,-10.62262799,4,05/01/2022,23/12/2022
1648,Forest,-63.79435361,-9.408820574,4,05/01/2022,23/12/2022
1649,Forest,-62.73330635,-11.23529629,4,05/01/2022,23/12/2022
1650,Forest,-63.18694909,-12.23584536,4,05/01/2022,23/12/2022
1651,Forest,-63.09596579,-8.369881508,4,05/01/2022,23/12/2022
1652,Forest,-64.37099516,-12.06502568,4,05/01/2022,23/12/2022
1653,Forest,-63.9399269,-9.386739081,4,05/01/2022,23/12/2022
1654,Forest,-60.20137864,-11.25872008,4,05/01/2022,23/12/2022
1655,Forest,-64.5981609,-9.255067247,4,05/01/2022,23/12/2022
1656,Forest,-63.27254056,-12.050462,4,05/01/2022,23/12/2022
1657,Forest,-62.66142954,-8.81573214,4,05/01/2022,23/12/2022
1658,Forest,-60.34746543,-13.11372149,4,05/01/2022,23/12/2022
1659,Forest,-62.66306724,-12.72797767,4,05/01/2022,23/12/2022
1660,Forest,-62.81377631,-11.75717839,4,05/01/2022,23/12/2022
1661,Forest,-65.85094016,-9.52153981,4,05/01/2022,23/12/2022
1662,Forest,-62.35247414,-12.09348617,4,05/01/2022,23/12/2022
1663,Forest,-64.89488763,-9.502337079,4,05/01/2022,23/12/2022
1664,Forest,-62.43069589,-12.93006369,4,05/01/2022,23/12/2022
1665,Forest,-61.58746265,-9.520283589,4,05/01/2022,23/12/2022
1666,Forest,-60.69209377,-12.76920585,4,05/01/2022,23/12/2022
1667,Forest,-64.5287113,-10.30755222,4,05/01/2022,23/12/2022
1668,Forest,-61.57035779,-9.686423275,4,05/01/2022,23/12/2022
1669,Forest,-63.19921689,-12.28002451,4,05/01/2022,23/12/2022
1670,Forest,-60.30309542,-11.70212296,4,05/01/2022,23/12/2022
1671,Forest,-62.99579352,-9.250751293,4,05/01/2022,23/12/2022
1672,Forest,-60.30636642,-11.53414572,4,05/01/2022,23/12/2022
1673,Forest,-64.53932489,-10.87043503,4,05/01/2022,23/12/2022
1674,Forest,-63.24918167,-8.709085383,4,05/01/2022,23/12/2022
1675,Forest,-61.64696556,-11.92454574,4,05/01/2022,23/12/2022
1676,Forest,-60.03674325,-11.12336815,4,05/01/2022,23/12/2022
1677,Forest,-65.13120502,-9.835759114,4,05/01/2022,23/12/2022
1678,Forest,-63.24472973,-8.621446958,4,05/01/2022,23/12/2022
1679,Forest,-64.91890722,-11.91128058,4,05/01/2022,23/12/2022
1680,Forest,-63.2506374,-8.508658593,4,05/01/2022,23/12/2022
1681,Forest,-64.45034322,-9.890128026,4,05/01/2022,23/12/2022
1682,Forest,-65.97519652,-9.643228918,4,05/01/2022,23/12/2022
1683,Forest,-65.13225412,-11.58313524,4,05/01/2022,23/12/2022
1684,Forest,-63.87771289,-12.34358137,4,05/01/2022,23/12/2022
1685,Forest,-63.2250013,-11.11590031,4,05/01/2022,23/12/2022
1686,Forest,-64.39666307,-10.7097394,4,05/01/2022,23/12/2022
1687,Forest,-61.59037411,-9.603004788,4,05/01/2022,23/12/2022
1688,Forest,-60.60301167,-12.56425307,4,05/01/2022,23/12/2022
1689,Forest,-60.98098298,-11.66673744,4,05/01/2022,23/12/2022
1690,Forest,-61.01291238,-13.41896903,4,05/01/2022,23/12/2022
1691,Forest,-63.43496957,-8.994786088,4,05/01/2022,23/12/2022
1692,Forest,-64.98688036,-9.551147273,4,05/01/2022,23/12/2022
1693,Forest,-60.3721077,-11.17906985,4,05/01/2022,23/12/2022
1694,Forest,-64.70533919,-11.94256191,4,05/01/2022,23/12/2022
1695,Forest,-65.11160986,-11.43565848,4,05/01/2022,23/12/2022
1696,Forest,-66.15553892,-9.699346465,4,05/01/2022,23/12/2022
1697,Forest,-63.26615875,-11.2698816,4,05/01/2022,23/12/2022
1698,Forest,-64.50802663,-9.948920818,4,05/01/2022,23/12/2022
1699,Forest,-63.65285567,-8.677949069,4,05/01/2022,23/12/2022
1700,Forest,-62.99242679,-8.410385805,4,05/01/2022,23/12/2022
1701,Forest,-63.53905447,-9.422463719,4,05/01/2022,23/12/2022
1702,Forest,-62.7382684,-11.29053464,4,05/01/2022,23/12/2022
1703,Forest,-60.28998809,-12.65406112,4,05/01/2022,23/12/2022
1704,Forest,-63.80449251,-9.847127884,4,05/01/2022,23/12/2022
1705,Forest,-62.80098358,-11.42150509,4,05/01/2022,23/12/2022
1706,Forest,-64.26564712,-11.59809234,4,05/01/2022,23/12/2022
1707,Forest,-63.01422514,-9.534449028,4,05/01/2022,23/12/2022
1708,Forest,-63.09960512,-11.66457211,4,05/01/2022,23/12/2022
1709,Forest,-63.11361655,-8.853851356,4,05/01/2022,23/12/2022
1710,Forest,-60.36755854,-11.29293933,4,05/01/2022,23/12/2022
1711,Forest,-60.25055401,-11.14247218,4,05/01/2022,23/12/2022
1712,Forest,-62.34262084,-12.59101601,4,05/01/2022,23/12/2022
1713,Forest,-62.47253656,-9.248697802,4,05/01/2022,23/12/2022
1714,Forest,-65.03063472,-10.51103123,4,05/01/2022,23/12/2022
1715,Forest,-63.12274864,-10.65990853,4,05/01/2022,23/12/2022
1716,Forest,-64.1865487,-9.329297588,4,05/01/2022,23/12/2022
1717,Forest,-65.13233717,-10.55875227,4,05/01/2022,23/12/2022
1718,Forest,-64.44233669,-9.138360832,4,05/01/2022,23/12/2022
1719,Forest,-61.59346755,-10.51103123,4,05/01/2022,23/12/2022
1720,Forest,-62.88415666,-8.518916392,4,05/01/2022,23/12/2022
1721,Forest,-64.20067154,-11.35066693,4,05/01/2022,23/12/2022
1722,Forest,-63.0597487,-8.442386316,4,05/01/2022,23/12/2022
1723,Forest,-62.3979646,-10.69543002,4,05/01/2022,23/12/2022
1724,Forest,-62.55598799,-12.56652996,4,05/01/2022,23/12/2022
1725,Forest,-61.87531828,-12.69654938,4,05/01/2022,23/12/2022
1726,Forest,-64.62399945,-11.91286083,4,05/01/2022,23/12/2022
1727,Forest,-63.86990048,-10.84267522,4,05/01/2022,23/12/2022
1728,Forest,-60.34132463,-13.22989865,4,05/01/2022,23/12/2022
1729,Forest,-62.79608483,-8.659438387,4,05/01/2022,23/12/2022
1730,Forest,-60.5813693,-11.22226701,4,05/01/2022,23/12/2022
1731,Forest,-63.83218933,-9.380942234,4,05/01/2022,23/12/2022
1732,Forest,-62.82392572,-12.22979897,4,05/01/2022,23/12/2022
1733,Forest,-62.01917031,-12.08893845,4,05/01/2022,23/12/2022
1734,Forest,-63.71563736,-8.718450923,4,05/01/2022,23/12/2022
1735,Forest,-60.73367535,-11.19085153,4,05/01/2022,23/12/2022
1736,Forest,-60.70055742,-12.04478407,4,05/01/2022,23/12/2022
1737,Forest,-64.8977991,-11.55352599,4,05/01/2022,23/12/2022
1738,Forest,-63.10633789,-11.21120059,4,05/01/2022,23/12/2022
1739,Forest,-62.24181455,-12.06097799,4,05/01/2022,23/12/2022
1740,Forest,-59.9917975,-12.03392825,4,05/01/2022,23/12/2022
1741,Forest,-62.86321531,-8.469688525,4,05/01/2022,23/12/2022
1742,Forest,-63.56725929,-8.027498989,4,05/01/2022,23/12/2022
1743,Forest,-63.70202464,-11.04961198,4,05/01/2022,23/12/2022
1744,Forest,-62.77479473,-12.92740338,4,05/01/2022,23/12/2022
1745,Forest,-65.18312273,-11.45081818,4,05/01/2022,23/12/2022
1746,Forest,-61.1044166,-12.88513217,4,05/01/2022,23/12/2022
1747,Forest,-61.56390523,-13.18777007,4,05/01/2022,23/12/2022
1748,Forest,-64.16985715,-11.14417629,4,05/01/2022,23/12/2022
1749,Forest,-61.960888,-8.899963263,4,05/01/2022,23/12/2022
1750,Forest,-64.78698143,-10.95066115,4,05/01/2022,23/12/2022
1751,Forest,-62.90908609,-9.113028291,4,05/01/2022,23/12/2022
1752,Forest,-64.80806103,-10.66945362,4,05/01/2022,23/12/2022
1753,Forest,-64.29112244,-11.91964874,4,05/01/2022,23/12/2022
1754,Forest,-63.37977782,-8.650139912,4,05/01/2022,23/12/2022
1755,Forest,-64.16765607,-11.68735254,4,05/01/2022,23/12/2022
1756,Forest,-60.16901896,-11.13928577,4,05/01/2022,23/12/2022
1757,Forest,-66.07376587,-9.71899473,4,05/01/2022,23/12/2022
1758,Forest,-60.26747691,-12.25505062,4,05/01/2022,23/12/2022
1759,Forest,-64.36245335,-12.14958233,4,05/01/2022,23/12/2022
1760,Forest,-63.38152557,-9.246793585,4,05/01/2022,23/12/2022
1761,Forest,-63.62512467,-11.82972212,4,05/01/2022,23/12/2022
1762,Forest,-62.58516798,-12.10675071,4,05/01/2022,23/12/2022
1763,Forest,-63.40833037,-10.91717036,4,05/01/2022,23/12/2022
1764,Forest,-63.22715898,-11.43582661,4,05/01/2022,23/12/2022
1765,Forest,-64.1278984,-8.83407301,4,05/01/2022,23/12/2022
1766,Forest,-64.03782493,-10.78446729,4,05/01/2022,23/12/2022
1767,Forest,-64.20829928,-11.59117085,4,05/01/2022,23/12/2022
1768,Forest,-65.23959213,-9.525014845,4,05/01/2022,23/12/2022
1769,Forest,-62.47239933,-8.536021364,4,05/01/2022,23/12/2022
1770,Forest,-64.3719774,-10.43767522,4,05/01/2022,23/12/2022
1771,Forest,-66.57558655,-9.734085321,4,05/01/2022,23/12/2022
1772,Forest,-61.65278866,-9.7025664,4,05/01/2022,23/12/2022
1773,Forest,-62.20882408,-12.772044,4,05/01/2022,23/12/2022
1774,Forest,-62.97259243,-8.060831575,4,05/01/2022,23/12/2022
1775,Forest,-63.5097305,-9.753087124,4,05/01/2022,23/12/2022
1776,Forest,-63.81116865,-8.511399098,4,05/01/2022,23/12/2022
1777,Forest,-64.0281807,-9.32892559,4,05/01/2022,23/12/2022
1778,Forest,-61.62728954,-9.883286943,4,05/01/2022,23/12/2022
1779,Forest,-63.47773172,-8.150365487,4,05/01/2022,23/12/2022
1780,Forest,-61.67920319,-11.40990907,4,05/01/2022,23/12/2022
1781,Forest,-63.046402,-11.10192757,4,05/01/2022,23/12/2022
1782,Forest,-61.79049247,-10.64230318,4,05/01/2022,23/12/2022
1783,Forest,-60.33599358,-11.84738915,4,05/01/2022,23/12/2022
1784,Forest,-64.44033506,-9.9887075,4,05/01/2022,23/12/2022
1785,Forest,-66.15294295,-9.698502752,4,05/01/2022,23/12/2022
1786,Forest,-60.83266518,-11.17014402,4,05/01/2022,23/12/2022
1787,Forest,-63.69728034,-10.67889592,4,05/01/2022,23/12/2022
1788,Forest,-63.30181593,-10.05536883,4,05/01/2022,23/12/2022
1789,Forest,-60.66221867,-11.30519069,4,05/01/2022,23/12/2022
1790,Forest,-63.55816096,-8.347017222,4,05/01/2022,23/12/2022
1791,Forest,-62.60889605,-8.618351985,4,05/01/2022,23/12/2022
1792,Forest,-60.33971765,-11.19567118,4,05/01/2022,23/12/2022
1793,Forest,-63.90553521,-11.44689457,4,05/01/2022,23/12/2022
1794,Forest,-64.71292103,-10.8316543,4,05/01/2022,23/12/2022
1795,Forest,-64.33871351,-10.59456835,4,05/01/2022,23/12/2022
1796,Forest,-64.51930856,-11.47614199,4,05/01/2022,23/12/2022
1797,Forest,-62.96036219,-10.76097121,4,05/01/2022,23/12/2022
1798,Forest,-61.86678138,-13.3583531,4,05/01/2022,23/12/2022
1799,Forest,-62.17104204,-8.839686686,4,05/01/2022,23/12/2022
1800,Forest,-65.04974121,-10.47810945,4,05/01/2022,23/12/2022
1801,Forest,-63.31723718,-8.359979816,4,05/01/2022,23/12/2022
1802,Forest,-62.30814011,-12.58501817,4,05/01/2022,23/12/2022
1803,Forest,-63.6626525,-8.523537076,4,05/01/2022,23/12/2022
1804,Forest,-64.24745046,-10.90295691,4,05/01/2022,23/12/2022
1805,Forest,-61.5223186,-10.56237503,4,05/01/2022,23/12/2022
1806,Forest,-63.82728957,-10.59993824,4,05/01/2022,23/12/2022
1807,Forest,-63.28339139,-11.53177504,4,05/01/2022,23/12/2022
1808,Forest,-60.27646248,-11.13094396,4,05/01/2022,23/12/2022
1809,Forest,-59.94921732,-12.08784707,4,05/01/2022,23/12/2022
1810,Forest,-60.02900427,-12.09975267,4,05/01/2022,23/12/2022
1811,Forest,-64.99751679,-10.92707799,4,05/01/2022,23/12/2022
1812,Forest,-63.2648308,-11.08390633,4,05/01/2022,23/12/2022
1813,Forest,-62.86832895,-11.62109432,4,05/01/2022,23/12/2022
1814,Forest,-60.38562303,-12.44788038,4,05/01/2022,23/12/2022
1815,Forest,-64.2338163,-11.11198941,4,05/01/2022,23/12/2022
1816,Forest,-63.13294451,-11.10584662,4,05/01/2022,23/12/2022
1817,Forest,-64.01725493,-12.14735565,4,05/01/2022,23/12/2022
1818,Forest,-64.53138925,-11.85456871,4,05/01/2022,23/12/2022
1819,Forest,-66.06409226,-9.695905122,4,05/01/2022,23/12/2022
1820,Forest,-62.63722798,-12.3075023,4,05/01/2022,23/12/2022
1821,Forest,-63.44643347,-9.380635005,4,05/01/2022,23/12/2022
1822,Forest,-60.15320188,-12.01435108,4,05/01/2022,23/12/2022
1823,Forest,-63.40494508,-11.83987374,4,05/01/2022,23/12/2022
1824,Forest,-61.65459533,-11.4937616,4,05/01/2022,23/12/2022
1825,Forest,-64.83593045,-11.44136576,4,05/01/2022,23/12/2022
1826,Forest,-62.20889683,-11.86198098,4,05/01/2022,23/12/2022
1827,Forest,-63.96997806,-10.64251825,4,05/01/2022,23/12/2022
1828,Forest,-63.4391548,-11.78626183,4,05/01/2022,23/12/2022
1829,Forest,-63.11900044,-8.08212448,4,05/01/2022,23/12/2022
1830,Forest,-63.97086122,-9.444004429,4,05/01/2022,23/12/2022
1831,Forest,-62.85716703,-8.380973257,4,05/01/2022,23/12/2022
1832,Forest,-63.64610315,-11.06324514,4,05/01/2022,23/12/2022
1833,Forest,-64.95238908,-11.19103004,4,05/01/2022,23/12/2022
1834,Forest,-65.25840473,-11.12472496,4,05/01/2022,23/12/2022
1835,Forest,-60.34138473,-12.84905327,4,05/01/2022,23/12/2022
1836,Forest,-63.23033142,-10.78749732,4,05/01/2022,23/12/2022
1837,Forest,-60.60971001,-11.93235653,4,05/01/2022,23/12/2022
1838,Forest,-61.60493144,-9.490671342,4,05/01/2022,23/12/2022
1839,Forest,-62.96666146,-9.606188808,4,05/01/2022,23/12/2022
1840,Forest,-64.70352882,-11.24657689,4,05/01/2022,23/12/2022
1841,Forest,-64.30076667,-11.52339512,4,05/01/2022,23/12/2022
1842,Forest,-61.6758628,-10.5823067,4,05/01/2022,23/12/2022
1843,Forest,-64.093081,-9.371768009,4,05/01/2022,23/12/2022
1844,Forest,-60.43358304,-12.9038937,4,05/01/2022,23/12/2022
1845,Forest,-63.9257335,-11.31952618,4,05/01/2022,23/12/2022
1846,Forest,-63.85130916,-10.79322605,4,05/01/2022,23/12/2022
1847,Forest,-65.01901688,-10.93693256,4,05/01/2022,23/12/2022
1848,Forest,-63.09199357,-10.67418689,4,05/01/2022,23/12/2022
1849,Forest,-64.06912318,-11.39285024,4,05/01/2022,23/12/2022
1850,Forest,-63.40654701,-11.32862039,4,05/01/2022,23/12/2022
1851,Forest,-60.38015289,-11.87383359,4,05/01/2022,23/12/2022
1852,Forest,-64.24294214,-9.765517146,4,05/01/2022,23/12/2022
1853,Forest,-61.78398742,-9.310027657,4,05/01/2022,23/12/2022
1854,Forest,-64.01294918,-12.18800568,4,05/01/2022,23/12/2022
1855,Forest,-62.28914612,-8.947528917,4,05/01/2022,23/12/2022
1856,Forest,-60.47281255,-12.193995,4,05/01/2022,23/12/2022
1857,Forest,-63.28411926,-12.18924902,4,05/01/2022,23/12/2022
1858,Forest,-62.2050573,-8.723114864,4,05/01/2022,23/12/2022
1859,Forest,-60.03474162,-11.97127631,4,05/01/2022,23/12/2022
1860,Forest,-64.691267,-10.98710416,4,05/01/2022,23/12/2022
1861,Forest,-63.98760215,-12.26607523,4,05/01/2022,23/12/2022
1862,Forest,-65.0895919,-11.32969633,4,05/01/2022,23/12/2022
1863,Forest,-60.31442429,-13.10487187,4,05/01/2022,23/12/2022
1864,Forest,-60.42090142,-11.45647933,4,05/01/2022,23/12/2022
1865,Forest,-62.924824,-10.13963115,4,05/01/2022,23/12/2022
1866,Forest,-63.67258892,-10.71373325,4,05/01/2022,23/12/2022
1867,Forest,-61.28139482,-10.9928203,4,05/01/2022,23/12/2022
1868,Forest,-64.32096496,-11.70947705,4,05/01/2022,23/12/2022
1869,Forest,-64.47573549,-10.06780688,4,05/01/2022,23/12/2022
1870,Forest,-65.06684607,-9.627942798,4,05/01/2022,23/12/2022
1871,Forest,-63.29612905,-10.48705593,4,05/01/2022,23/12/2022
1872,Forest,-63.11728255,-11.86861379,4,05/01/2022,23/12/2022
1873,Forest,-61.74358999,-10.42406722,4,05/01/2022,23/12/2022
1874,Forest,-64.98522865,-9.343960005,4,05/01/2022,23/12/2022
1875,Forest,-63.79544541,-9.291575131,4,05/01/2022,23/12/2022
1876,Forest,-63.63367491,-9.881530242,4,05/01/2022,23/12/2022
1877,Forest,-61.69207296,-12.87254889,4,05/01/2022,23/12/2022
1878,Forest,-60.28136405,-11.41758076,4,05/01/2022,23/12/2022
1879,Forest,-62.93983844,-8.882078607,4,05/01/2022,23/12/2022
1880,Forest,-63.32888304,-9.23931372,4,05/01/2022,23/12/2022
1881,Forest,-60.5305168,-11.48849794,4,05/01/2022,23/12/2022
1882,Forest,-63.94866129,-9.443824928,4,05/01/2022,23/12/2022
1883,Forest,-60.25526953,-11.43812685,4,05/01/2022,23/12/2022
1884,Forest,-60.46545657,-12.70330464,4,05/01/2022,23/12/2022
1885,Forest,-65.12489342,-9.796898404,4,05/01/2022,23/12/2022
1886,Forest,-65.19285428,-10.78663012,4,05/01/2022,23/12/2022
1887,Forest,-62.95991723,-11.47407826,4,05/01/2022,23/12/2022
1888,Forest,-60.8767011,-13.57672516,4,05/01/2022,23/12/2022
1889,Forest,-62.13983677,-9.63056112,4,05/01/2022,23/12/2022
1890,Forest,-65.17317416,-10.81382458,4,05/01/2022,23/12/2022
1891,Forest,-64.41205311,-12.32272103,4,05/01/2022,23/12/2022
1892,Clear_Cut,-62.21142613,-9.188481609,10,05/01/2022,23/12/2022
1893,Clear_Cut,-61.96067615,-11.23547477,10,05/01/2022,23/12/2022
1894,Clear_Cut,-61.52741367,-11.35003556,10,05/01/2022,23/12/2022
1895,Forest,-60.54315631,-13.53586195,4,05/01/2022,23/12/2022
1896,Forest,-61.40585998,-11.15496946,4,05/01/2022,23/12/2022
1897,Clear_Cut,-61.67207712,-11.04711812,10,05/01/2022,23/12/2022
1898,Forest,-61.51431207,-11.14747116,4,05/01/2022,23/12/2022
1899,Forest,-61.20533278,-11.09783464,4,05/01/2022,23/12/2022
1900,Forest,-63.39002382,-10.12756419,4,05/01/2022,23/12/2022
1901,Clear_Cut,-60.85577494,-12.06080004,10,05/01/2022,23/12/2022
1902,Clear_Cut,-62.35572565,-11.96362181,10,05/01/2022,23/12/2022
1903,Clear_Cut,-62.90999592,-8.126767941,10,05/01/2022,23/12/2022
1904,Forest,-63.08122649,-8.177023636,4,05/01/2022,23/12/2022
1905,Forest,-62.93583518,-8.194314456,4,05/01/2022,23/12/2022
1906,Clear_Cut,-66.66615055,-9.776097444,10,05/01/2022,23/12/2022
1907,Forest,-61.94357129,-11.39873676,4,05/01/2022,23/12/2022
1908,Forest,-63.71010308,-8.575239392,4,05/01/2022,23/12/2022
1909,Clear_Cut,-63.46226456,-8.033805364,10,05/01/2022,23/12/2022
1910,Clear_Cut,-60.6789034,-13.29514037,10,05/01/2022,23/12/2022
1911,Forest,-61.62603957,-11.15729033,4,05/01/2022,23/12/2022
1912,Clear_Cut,-61.3425356,-11.37750905,10,05/01/2022,23/12/2022
1913,Clear_Cut,-63.90808274,-9.815367129,10,05/01/2022,23/12/2022
1914,Forest,-63.38983134,-8.322171011,4,05/01/2022,23/12/2022
1915,Clear_Cut,-64.19522604,-11.14979208,10,05/01/2022,23/12/2022
1916,Forest,-61.68335905,-12.24669295,4,05/01/2022,23/12/2022
1917,Forest,-62.97348984,-8.150055144,4,05/01/2022,23/12/2022
1918,Clear_Cut,-64.77770114,-9.615204907,10,05/01/2022,23/12/2022
1919,Forest,-65.26764064,-11.47053765,4,05/01/2022,23/12/2022
1920,Forest,-63.39923178,-8.285310148,4,05/01/2022,23/12/2022
1921,Forest,-63.02132059,-8.137832776,4,05/01/2022,23/12/2022
1922,Clear_Cut,-61.3240071,-11.99400541,10,05/01/2022,23/12/2022
1923,Forest,-64.94590033,-9.590475533,4,05/01/2022,23/12/2022
1924,Clear_Cut,-62.58380076,-8.780588457,10,05/01/2022,23/12/2022
1925,Clear_Cut,-64.00306931,-8.991730684,10,05/01/2022,23/12/2022
1926,Clear_Cut,-64.01143977,-10.6995478,10,05/01/2022,23/12/2022
1927,Clear_Cut,-62.08179988,-9.227156322,10,05/01/2022,23/12/2022
1928,Clear_Cut,-61.36091423,-11.8806545,10,05/01/2022,23/12/2022
1929,Clear_Cut,-64.86370892,-10.69485787,10,05/01/2022,23/12/2022
1930,Clear_Cut,-63.4615367,-7.986775471,10,05/01/2022,23/12/2022
1931,Forest,-61.44534673,-11.98284666,4,05/01/2022,23/12/2022
1932,Forest,-63.40071165,-8.293694638,4,05/01/2022,23/12/2022
1933,Forest,-65.35781067,-10.78929358,4,05/01/2022,23/12/2022
1934,Clear_Cut,-62.8763321,-8.135054261,10,05/01/2022,23/12/2022
1935,Forest,-65.18718159,-11.68762796,4,05/01/2022,23/12/2022
1936,Forest,-62.11771333,-11.97875259,4,05/01/2022,23/12/2022
1937,Forest,-64.06234393,-8.861663326,4,05/01/2022,23/12/2022
1938,Clear_Cut,-62.83538961,-11.02175657,10,05/01/2022,23/12/2022
1939,Clear_Cut,-62.58191014,-8.755308728,10,05/01/2022,23/12/2022
1940,Clear_Cut,-61.00153019,-12.09016017,10,05/01/2022,23/12/2022
1941,Clear_Cut,-61.5525465,-11.1606602,10,05/01/2022,23/12/2022
1942,Clear_Cut,-62.39266487,-8.6042074,10,05/01/2022,23/12/2022
1943,Forest,-62.99788579,-8.126767941,4,05/01/2022,23/12/2022
1944,Forest,-63.24121574,-8.214687767,4,05/01/2022,23/12/2022
1945,Clear_Cut,-63.03737254,-8.677786955,10,05/01/2022,23/12/2022
1946,Clear_Cut,-60.98424336,-12.90079879,10,05/01/2022,23/12/2022
1947,Clear_Cut,-62.45653515,-9.002154897,10,05/01/2022,23/12/2022
1948,Clear_Cut,-63.56252816,-10.65377079,10,05/01/2022,23/12/2022
1949,Clear_Cut,-63.88479102,-10.39167317,10,05/01/2022,23/12/2022
1950,Clear_Cut,-62.05020372,-9.201235229,10,05/01/2022,23/12/2022
1951,Clear_Cut,-62.01453827,-8.949311829,10,05/01/2022,23/12/2022
1952,Forest,-61.89917144,-12.51080871,4,05/01/2022,23/12/2022
1953,Clear_Cut,-61.44643853,-12.03428419,10,05/01/2022,23/12/2022
1954,Clear_Cut,-64.51221186,-9.206983189,10,05/01/2022,23/12/2022
1955,Clear_Cut,-62.40813203,-8.651163249,10,05/01/2022,23/12/2022
1956,Clear_Cut,-62.34335192,-9.754398504,10,05/01/2022,23/12/2022
1957,Clear_Cut,-63.76360126,-9.195487176,10,05/01/2022,23/12/2022
1958,Clear_Cut,-62.74968334,-9.969173205,10,05/01/2022,23/12/2022
1959,Forest,-63.91572534,-8.682284016,4,05/01/2022,23/12/2022
1960,Clear_Cut,-64.27901455,-10.40865632,10,05/01/2022,23/12/2022
1961,Forest,-63.37892386,-12.34607872,4,05/01/2022,23/12/2022
1962,Clear_Cut,-63.60747391,-8.132712492,10,05/01/2022,23/12/2022
1963,Clear_Cut,-62.6790803,-9.975445813,10,05/01/2022,23/12/2022
1964,Clear_Cut,-62.91090575,-10.5398349,10,05/01/2022,23/12/2022
1965,Forest,-62.94111221,-8.187830486,4,05/01/2022,23/12/2022
1966,Forest,-65.33051568,-10.80877668,4,05/01/2022,23/12/2022
1967,Wetland,-61.75868222,-13.35382171,4,05/01/2022,23/12/2022
1968,Forest,-64.38107978,-9.197497486,9,05/01/2022,23/12/2022
1969,Clear_Cut,-65.15700511,-11.09784822,10,05/01/2022,23/12/2022
1970,Forest,-63.13390915,-12.57295803,9,05/01/2022,23/12/2022
1971,Forest,-63.073038,-8.22060947,4,05/01/2022,23/12/2022
1972,Forest,-64.96203331,-9.679068927,9,05/01/2022,23/12/2022
1973,Wetland,-64.37883034,-9.148062179,4,05/01/2022,23/12/2022
1974,Forest,-64.01380534,-12.49144459,4,05/01/2022,23/12/2022
1975,Wetland,-63.03524996,-12.7009616,4,05/01/2022,23/12/2022
1976,Forest,-62.08263376,-13.27103488,9,05/01/2022,23/12/2022
1977,Forest,-65.30880183,-11.19701328,4,05/01/2022,23/12/2022
1978,Wetland,-61.8450451,-13.39076598,4,05/01/2022,23/12/2022
1979,Wetland,-63.49738412,-12.39726814,4,05/01/2022,23/12/2022
1980,Wetland,-62.51015422,-12.86491592,4,05/01/2022,23/12/2022
1981,Forest,-63.22024898,-12.60458863,9,05/01/2022,23/12/2022
1982,Wetland,-62.08287545,-12.75572676,4,05/01/2022,23/12/2022
1983,Wetland,-62.83520765,-12.83232329,4,05/01/2022,23/12/2022
1984,Forest,-64.23962589,-10.96513171,4,05/01/2022,23/12/2022
1985,Forest,-63.7383079,-12.40308911,9,05/01/2022,23/12/2022
1986,Wetland,-63.58868399,-12.0853483,4,05/01/2022,23/12/2022
1987,Wetland,-61.53742432,-13.04443342,4,05/01/2022,23/12/2022
1988,Wetland,-61.92051637,-13.32877707,4,05/01/2022,23/12/2022
1989,Wetland,-61.15498287,-13.43518014,4,05/01/2022,23/12/2022
1990,Wetland,-61.54607896,-13.44643598,4,05/01/2022,23/12/2022
1991,Wetland,-61.43552053,-13.04513894,4,05/01/2022,23/12/2022
1992,Wetland,-61.86819848,-13.02258666,4,05/01/2022,23/12/2022
1993,Wetland,-61.29175445,-13.45877803,4,05/01/2022,23/12/2022
1994,Wetland,-62.06621678,-13.20604797,4,05/01/2022,23/12/2022
1995,Wetland,-61.61998482,-13.28658018,4,05/01/2022,23/12/2022
1996,Wetland,-61.62221827,-13.1805364,4,05/01/2022,23/12/2022
1997,Wetland,-61.88387035,-12.2739121,4,05/01/2022,23/12/2022
1998,Wetland,-63.21697358,-12.39389137,4,05/01/2022,23/12/2022
1999,Wetland,-64.96858411,-9.597263403,4,05/01/2022,23/12/2022
2000,Wetland,-62.82592735,-12.82788771,4,05/01/2022,23/12/2022
2001,Wetland,-61.50848914,-13.35587448,4,05/01/2022,23/12/2022
2002,Wetland,-62.22416379,-12.91959966,4,05/01/2022,23/12/2022
2003,Wetland,-61.63714327,-13.23873105,4,05/01/2022,23/12/2022
2004,Forest,-63.30852771,-8.179695729,9,05/01/2022,23/12/2022
2005,Forest,-63.21311115,-9.363968313,9,05/01/2022,23/12/2022
2006,Forest,-61.96449745,-13.2374023,4,05/01/2022,23/12/2022
2007,Wetland,-61.88629668,-13.04074035,4,05/01/2022,23/12/2022
2008,Wetland,-61.66169256,-13.241451,4,05/01/2022,23/12/2022
2009,Forest,-63.2550046,-8.208903,4,05/01/2022,23/12/2022
2010,Wetland,-61.98487771,-13.06623323,4,05/01/2022,23/12/2022
2011,Wetland,-62.06101827,-13.20085631,4,05/01/2022,23/12/2022
2012,Wetland,-64.81596523,-9.375277257,4,05/01/2022,23/12/2022
2013,Wetland,-63.16822398,-9.340081597,4,05/01/2022,23/12/2022
2014,Wetland,-62.5957396,-12.88288343,4,05/01/2022,23/12/2022
2015,Wetland,-61.91217497,-13.13252188,4,05/01/2022,23/12/2022
2016,Wetland,-63.75834801,-12.43072302,4,05/01/2022,23/12/2022
2017,Wetland,-65.14436384,-9.573220297,4,05/01/2022,23/12/2022
2018,Wetland,-63.83318503,-11.59355116,4,05/01/2022,23/12/2022
2019,Wetland,-62.01231917,-13.09797589,4,05/01/2022,23/12/2022
2020,Wetland,-61.90204909,-13.23186305,4,05/01/2022,23/12/2022
2021,Wetland,-61.70974421,-13.38738646,4,05/01/2022,23/12/2022
2022,Wetland,-63.89688695,-12.44907953,4,05/01/2022,23/12/2022
2023,Wetland,-63.18822286,-12.44453832,4,05/01/2022,23/12/2022
2024,Wetland,-62.18609595,-13.0863291,4,05/01/2022,23/12/2022
2025,Forest,-64.96330542,-11.92047661,9,05/01/2022,23/12/2022
2026,Wetland,-61.97650725,-13.25883429,4,05/01/2022,23/12/2022
2027,Forest,-66.34406966,-9.665077284,4,05/01/2022,23/12/2022
2028,Wetland,-64.22318159,-8.998385442,4,05/01/2022,23/12/2022
2029,Forest,-65.2021183,-9.627923818,9,05/01/2022,23/12/2022
2030,Wetland,-61.46736469,-13.41163725,4,05/01/2022,23/12/2022
2031,Wetland,-61.78946303,-13.4075859,4,05/01/2022,23/12/2022
2032,Wetland,-62.05403125,-13.14856606,4,05/01/2022,23/12/2022
2033,Wetland,-62.22343593,-13.11036586,4,05/01/2022,23/12/2022
2034,Wetland,-61.63968706,-13.19719009,4,05/01/2022,23/12/2022
2035,Wetland,-62.7749767,-12.86053178,4,05/01/2022,23/12/2022
2036,Forest,-64.42598213,-9.30852762,9,05/01/2022,23/12/2022
2037,Wetland,-61.99925307,-13.27937888,4,05/01/2022,23/12/2022
2038,Clear_Cut,-63.95548724,-10.68428462,10,05/01/2022,23/12/2022
2039,Forest,-63.13184016,-12.57524106,9,05/01/2022,23/12/2022
2040,Forest,-63.10829646,-12.5751608,9,05/01/2022,23/12/2022
2041,Forest,-63.11093621,-12.5809397,9,05/01/2022,23/12/2022
2042,Forest,-63.0905406,-12.59716166,9,05/01/2022,23/12/2022
2043,Forest,-63.08457441,-12.59690304,9,05/01/2022,23/12/2022
2044,Forest,-63.08361126,-12.59618067,9,05/01/2022,23/12/2022
2045,Forest,-64.92884027,-9.660082367,9,05/01/2022,23/12/2022
2046,Forest,-64.95338278,-9.640105902,9,05/01/2022,23/12/2022
2047,Forest,-64.96568971,-9.670284633,9,05/01/2022,23/12/2022
2048,Forest,-64.99915029,-9.62398204,9,05/01/2022,23/12/2022
2049,Forest,-63.22601832,-12.52717455,9,05/01/2022,23/12/2022
2050,Forest,-63.22700542,-12.53273824,9,05/01/2022,23/12/2022
2051,Forest,-63.24553611,-12.54588471,9,05/01/2022,23/12/2022
2052,Forest,-63.25320862,-12.55342261,9,05/01/2022,23/12/2022
2053,Forest,-63.19209775,-12.60277794,9,05/01/2022,23/12/2022
2054,Forest,-63.19793065,-12.58263199,9,05/01/2022,23/12/2022
2056,Forest,-63.86788454,-12.45163857,9,05/01/2022,23/12/2022
2057,Forest,-64.00634166,-12.44244893,9,05/01/2022,23/12/2022
2058,Forest,-63.98274265,-12.44020663,9,05/01/2022,23/12/2022
2059,Forest,-63.16584693,-12.42355795,9,05/01/2022,23/12/2022
2060,Forest,-65.00879888,-11.9396025,9,05/01/2022,23/12/2022
2061,Forest,-65.16236483,-9.607172147,9,05/01/2022,23/12/2022
2062,Forest,-65.11361523,-9.625837434,9,05/01/2022,23/12/2022
2063,Forest,-61.68001323,-10.45914831,4,05/01/2022,23/12/2022
2064,Forest,-61.67772307,-10.45346871,4,05/01/2022,23/12/2022
2065,Forest,-61.67841012,-10.44614019,4,05/01/2022,23/12/2022
2066,Forest,-61.76389765,-10.46901248,4,05/01/2022,23/12/2022
2067,Forest,-63.33641606,-12.55046229,9,05/01/2022,23/12/2022
2068,Forest,-63.33295523,-12.55740584,9,05/01/2022,23/12/2022
2069,Forest,-63.22172695,-12.55953053,9,05/01/2022,23/12/2022
2070,Forest,-63.22637059,-12.55199557,9,05/01/2022,23/12/2022
2071,Forest,-63.17511534,-12.58945133,9,05/01/2022,23/12/2022
2072,Forest,-63.07829986,-12.50450779,9,05/01/2022,23/12/2022
2073,Forest,-63.09372025,-12.52330139,9,05/01/2022,23/12/2022
2074,Forest,-63.42978366,-12.52523533,9,05/01/2022,23/12/2022
2075,Forest,-63.41453365,-12.51799804,9,05/01/2022,23/12/2022
2076,Forest,-63.43422081,-12.52338293,9,05/01/2022,23/12/2022
2077,Forest,-63.41184121,-12.51489634,9,05/01/2022,23/12/2022
2078,Forest,-63.31905916,-12.50769527,9,05/01/2022,23/12/2022
2079,Forest,-63.31068873,-12.49828473,9,05/01/2022,23/12/2022
2080,Forest,-62.72717806,-12.79902298,9,05/01/2022,23/12/2022
2081,Forest,-62.67535647,-12.81233155,9,05/01/2022,23/12/2022
2082,Forest,-62.71623927,-12.80102461,9,05/01/2022,23/12/2022
2083,Forest,-62.7339682,-12.79865597,9,05/01/2022,23/12/2022
2084,Forest,-62.74080407,-12.78240879,9,05/01/2022,23/12/2022
2085,Forest,-62.98459892,-12.67204702,9,05/01/2022,23/12/2022
2086,Forest,-63.15496645,-12.52499884,9,05/01/2022,23/12/2022
2087,Forest,-63.32164145,-12.39336788,9,05/01/2022,23/12/2022
2088,Forest,-63.30359457,-12.28698704,9,05/01/2022,23/12/2022
2089,Forest,-63.49310458,-12.41723884,9,05/01/2022,23/12/2022
2090,Forest,-63.50047491,-12.42468799,9,05/01/2022,23/12/2022
2091,Forest,-63.4956381,-12.41978066,9,05/01/2022,23/12/2022
2092,Forest,-63.30072874,-12.54454755,9,05/01/2022,23/12/2022
2093,Forest,-64.46793947,-12.16671196,9,05/01/2022,23/12/2022
2094,Forest,-64.46876206,-12.16213213,9,05/01/2022,23/12/2022
2095,Forest,-64.46136986,-12.15628508,9,05/01/2022,23/12/2022
2096,Forest,-64.91949449,-9.632441761,9,05/01/2022,23/12/2022
2097,Forest,-64.96474369,-9.623726216,9,05/01/2022,23/12/2022
2098,Forest,-64.93680619,-9.604862432,9,05/01/2022,23/12/2022
2099,Forest,-64.88176692,-9.604265477,9,05/01/2022,23/12/2022
2100,Forest,-64.87711067,-9.59131155,9,05/01/2022,23/12/2022
2101,Forest,-64.82314592,-9.499052128,9,05/01/2022,23/12/2022
2102,Forest,-64.78837328,-9.446370834,9,05/01/2022,23/12/2022
2103,Forest,-64.80102873,-9.42511923,9,05/01/2022,23/12/2022
2104,Forest,-64.73234904,-9.37199022,9,05/01/2022,23/12/2022
2105,Forest,-64.72008161,-9.366916101,9,05/01/2022,23/12/2022
2106,Forest,-64.73846783,-9.376974795,9,05/01/2022,23/12/2022
2107,Forest,-64.70635164,-9.223796098,9,05/01/2022,23/12/2022
2108,Forest,-63.79434836,-8.602689477,9,05/01/2022,23/12/2022
2109,Forest,-63.5501199,-8.484384475,9,05/01/2022,23/12/2022
2110,Forest,-63.4526562,-8.307058325,9,05/01/2022,23/12/2022
2111,Forest,-63.45502055,-8.318529795,9,05/01/2022,23/12/2022
2112,Forest,-63.45939897,-8.298739321,9,05/01/2022,23/12/2022
2113,Forest,-63.4476648,-8.310035653,9,05/01/2022,23/12/2022
2114,Forest,-63.44880319,-8.317128699,9,05/01/2022,23/12/2022
2115,Forest,-63.44678911,-8.287618125,9,05/01/2022,23/12/2022
2116,Forest,-63.39604318,-8.295674424,4,05/01/2022,23/12/2022
2117,Forest,-63.40606977,-8.303468018,4,05/01/2022,23/12/2022
2118,Forest,-63.39245288,-8.28560405,4,05/01/2022,23/12/2022
2119,Forest,-63.44707371,-8.281214681,9,05/01/2022,23/12/2022
2120,Forest,-63.360162,-8.256607941,4,05/01/2022,23/12/2022
2121,Forest,-63.35514871,-8.265189651,4,05/01/2022,23/12/2022
2122,Forest,-62.89121096,-8.044582785,9,05/01/2022,23/12/2022
2123,Forest,-62.89576452,-8.057280213,9,05/01/2022,23/12/2022
2124,Forest,-62.91520472,-8.055091002,4,05/01/2022,23/12/2022
2125,Forest,-62.88105302,-8.010255946,4,05/01/2022,23/12/2022
2126,Forest,-62.86712963,-7.978381023,4,05/01/2022,23/12/2022
2127,Forest,-62.86078092,-7.984620276,9,05/01/2022,23/12/2022
2128,Forest,-62.93755657,-7.748809335,4,05/01/2022,23/12/2022
2129,Forest,-63.44304556,-8.351805813,9,05/01/2022,23/12/2022
2130,Forest,-63.44702992,-8.352024734,9,05/01/2022,23/12/2022
2131,Forest,-62.30729992,-13.06643936,9,05/01/2022,23/12/2022
2132,Forest,-62.30928396,-13.06792739,9,05/01/2022,23/12/2022
2133,Forest,-62.71729986,-12.92429719,9,05/01/2022,23/12/2022
2134,Forest,-62.72830698,-12.92021053,9,05/01/2022,23/12/2022
2135,Forest,-62.73005201,-12.91970343,9,05/01/2022,23/12/2022
2136,Forest,-62.72317629,-12.91991224,9,05/01/2022,23/12/2022
2137,Forest,-63.57405453,-8.523432691,4,05/01/2022,23/12/2022
2138,Forest,-63.57088253,-8.526215153,4,05/01/2022,23/12/2022
2139,Forest,-63.58028725,-8.513527128,4,05/01/2022,23/12/2022
2140,Forest,-63.55891794,-8.501896438,4,05/01/2022,23/12/2022
2141,Forest,-63.55290783,-8.507850906,4,05/01/2022,23/12/2022
2142,Forest,-63.58496178,-8.483643491,4,05/01/2022,23/12/2022
2143,Forest,-63.5909719,-8.493549054,4,05/01/2022,23/12/2022
2144,Forest,-63.59130579,-8.505569288,4,05/01/2022,23/12/2022
2145,Forest,-63.59175099,-8.496554112,4,05/01/2022,23/12/2022
2146,Forest,-63.58195672,-8.494272494,4,05/01/2022,23/12/2022
2147,Forest,-63.59058235,-8.507405712,4,05/01/2022,23/12/2022
2148,Forest,-63.57444408,-8.48152882,4,05/01/2022,23/12/2022
2149,Forest,-63.56420462,-8.487984131,4,05/01/2022,23/12/2022
2150,Forest,-63.58256887,-8.597223572,4,05/01/2022,23/12/2022
2151,Forest,-63.58846768,-8.59588799,4,05/01/2022,23/12/2022
2152,Forest,-63.60616414,-8.584646845,4,05/01/2022,23/12/2022
2153,Forest,-63.61083867,-8.579638415,4,05/01/2022,23/12/2022
2154,Forest,-63.57611355,-8.601230316,4,05/01/2022,23/12/2022
2155,Forest,-63.62808994,-8.558491707,4,05/01/2022,23/12/2022
2156,Forest,-63.61773918,-8.57129103,4,05/01/2022,23/12/2022
2157,Forest,-63.61306464,-8.576855953,4,05/01/2022,23/12/2022
2158,Forest,-63.60059922,-8.587429307,4,05/01/2022,23/12/2022
2159,Forest,-63.60827881,-8.58141919,4,05/01/2022,23/12/2022
2160,Forest,-63.62419449,-8.562387153,4,05/01/2022,23/12/2022
2161,Forest,-63.62085554,-8.567172987,4,05/01/2022,23/12/2022
2162,Forest,-63.5436144,-8.568731165,4,05/01/2022,23/12/2022
2163,Forest,-63.60349298,-8.603011092,4,05/01/2022,23/12/2022
2164,Forest,-63.57221811,-8.60167551,4,05/01/2022,23/12/2022
2165,Forest,-63.46081334,-8.407166016,4,05/01/2022,23/12/2022
2166,Forest,-63.44281414,-8.39154234,4,05/01/2022,23/12/2022
2167,Forest,-63.44948389,-8.394557435,4,05/01/2022,23/12/2022
2168,Forest,-63.44857023,-8.397024332,4,05/01/2022,23/12/2022
2169,Forest,-63.45651912,-8.40232359,4,05/01/2022,23/12/2022
2170,Forest,-63.45222489,-8.400039427,4,05/01/2022,23/12/2022
2171,Forest,-63.53992653,-8.483141673,4,05/01/2022,23/12/2022
2172,Forest,-63.53262428,-8.480873896,4,05/01/2022,23/12/2022
2173,Forest,-63.52872371,-8.472210986,4,05/01/2022,23/12/2022
2174,Forest,-63.93092572,-8.794989387,4,05/01/2022,23/12/2022
2175,Forest,-63.92510001,-8.790518495,4,05/01/2022,23/12/2022
2176,Forest,-63.93855785,-8.802440872,4,05/01/2022,23/12/2022
2177,Forest,-63.97024401,-8.82193094,4,05/01/2022,23/12/2022
2178,Forest,-64.08983787,-8.914613542,4,05/01/2022,23/12/2022
2179,Forest,-64.13035016,-8.995704209,4,05/01/2022,23/12/2022
2180,Forest,-64.2102248,-9.021663797,4,05/01/2022,23/12/2022
2181,Forest,-64.29920644,-9.0697234,4,05/01/2022,23/12/2022
2182,Forest,-64.30523372,-9.080614795,4,05/01/2022,23/12/2022
2185,Forest,-64.30872319,-9.088228198,4,05/01/2022,23/12/2022
2186,Forest,-64.33230359,-9.105464095,4,05/01/2022,23/12/2022
2187,Forest,-64.34504547,-9.113130369,4,05/01/2022,23/12/2022
2188,Forest,-64.33759068,-9.112866014,4,05/01/2022,23/12/2022
2189,Forest,-64.34647298,-9.115298073,4,05/01/2022,23/12/2022
2190,Forest,-64.35435074,-9.124761956,4,05/01/2022,23/12/2022
2191,Forest,-64.35694141,-9.128092819,4,05/01/2022,23/12/2022
2192,Forest,-64.36561223,-9.143425366,4,05/01/2022,23/12/2022
2193,Forest,-64.3627572,-9.138244023,4,05/01/2022,23/12/2022
2194,Forest,-64.34780797,-9.12675783,4,05/01/2022,23/12/2022
2195,Forest,-64.37425661,-9.156127588,4,05/01/2022,23/12/2022
2196,Forest,-64.37050278,-9.171460135,4,05/01/2022,23/12/2022
2197,Forest,-64.38557098,-9.173945065,4,05/01/2022,23/12/2022
2198,Forest,-64.36918101,-9.147192414,4,05/01/2022,23/12/2022
2199,Forest,-64.39175686,-9.19229125,4,05/01/2022,23/12/2022
2200,Forest,-64.38657552,-9.189489095,4,05/01/2022,23/12/2022
2201,Forest,-64.41338104,-9.188167323,4,05/01/2022,23/12/2022
2202,Forest,-64.39884156,-9.185523781,4,05/01/2022,23/12/2022
2203,Forest,-64.38800303,-9.205773317,4,05/01/2022,23/12/2022
2204,Forest,-64.42332076,-9.187268519,4,05/01/2022,23/12/2022
2205,Forest,-64.46059471,-9.17674722,4,05/01/2022,23/12/2022
2206,Forest,-64.57151776,-9.156814909,4,05/01/2022,23/12/2022
2207,Forest,-64.54624549,-9.156074717,4,05/01/2022,23/12/2022
2208,Forest,-64.53937228,-9.170984297,4,05/01/2022,23/12/2022
2209,Forest,-64.55830004,-9.170984297,4,05/01/2022,23/12/2022
2210,Forest,-64.52393399,-9.182192917,4,05/01/2022,23/12/2022
2211,Forest,-64.59906347,-9.193295796,4,05/01/2022,23/12/2022
2212,Forest,-64.60879171,-9.183144593,4,05/01/2022,23/12/2022
2213,Forest,-64.61513621,-9.21407404,4,05/01/2022,23/12/2022
2214,Forest,-64.8589237,-9.39518314,4,05/01/2022,23/12/2022
2215,Forest,-64.92081355,-9.589200628,4,05/01/2022,23/12/2022
2216,Forest,-64.90691953,-9.586525382,4,05/01/2022,23/12/2022
2217,Forest,-64.8987212,-9.581347486,4,05/01/2022,23/12/2022
2218,Forest,-65.15906639,-9.568928748,4,05/01/2022,23/12/2022
2219,Forest,-65.14906869,-9.589392782,4,05/01/2022,23/12/2022
2220,Forest,-65.16664277,-9.575099201,4,05/01/2022,23/12/2022
2221,Forest,-65.14399174,-9.582597473,4,05/01/2022,23/12/2022
2222,Forest,-65.43001957,-9.66949151,4,05/01/2022,23/12/2022
2223,Forest,-65.44321965,-9.657502085,4,05/01/2022,23/12/2022
2224,Forest,-65.29278557,-9.827150489,4,05/01/2022,23/12/2022
2225,Forest,-65.32610609,-9.955090769,4,05/01/2022,23/12/2022
2226,Forest,-65.3139262,-9.514226046,4,05/01/2022,23/12/2022
2227,Forest,-65.29464632,-9.52118234,4,05/01/2022,23/12/2022
2228,Forest,-65.16802057,-9.56945267,4,05/01/2022,23/12/2022
2229,Forest,-65.16385385,-9.583859616,4,05/01/2022,23/12/2022
2230,Forest,-62.86839426,-8.072712286,4,05/01/2022,23/12/2022
2232,Forest,-65.29348788,-11.31057175,4,05/01/2022,23/12/2022
2233,Forest,-65.09397089,-11.69827819,4,05/01/2022,23/12/2022
2234,Forest,-62.36609334,-12.79277945,4,05/01/2022,23/12/2022
2235,Forest,-61.69044719,-12.58415094,4,05/01/2022,23/12/2022
2236,Forest,-61.62301279,-10.14269733,4,05/01/2022,23/12/2022
2237,Forest,-61.62104492,-10.15268248,4,05/01/2022,23/12/2022
2238,Forest,-61.62563662,-10.13533602,4,05/01/2022,23/12/2022
2239,Forest,-61.62468913,-10.16208455,4,05/01/2022,23/12/2022
2240,Forest,-61.59313024,-10.14313464,4,05/01/2022,23/12/2022
2241,Forest,-61.6007102,-10.17075778,4,05/01/2022,23/12/2022
2242,Forest,-61.59684734,-10.16026244,4,05/01/2022,23/12/2022
2243,Forest,-61.57556513,-10.20289974,4,05/01/2022,23/12/2022
2244,Forest,-61.57192092,-10.2077101,4,05/01/2022,23/12/2022
2245,Forest,-61.57097342,-10.21434257,4,05/01/2022,23/12/2022
2246,Forest,-61.61732782,-10.20807453,4,05/01/2022,23/12/2022
2247,Forest,-61.61142419,-10.19349767,4,05/01/2022,23/12/2022
2248,Forest,-61.63554889,-10.19233152,4,05/01/2022,23/12/2022
2249,Forest,-61.635476,-10.19903688,4,05/01/2022,23/12/2022
2250,Forest,-61.60872747,-10.18453291,4,05/01/2022,23/12/2022
2251,Forest,-61.62396029,-10.21689352,4,05/01/2022,23/12/2022
2252,Forest,-61.62148222,-10.2123747,4,05/01/2022,23/12/2022
2253,Forest,-61.61667186,-10.21463411,4,05/01/2022,23/12/2022
2254,Forest,-61.63336236,-10.1776089,4,05/01/2022,23/12/2022
2255,Forest,-61.57418033,-10.18657367,4,05/01/2022,23/12/2022
2256,Forest,-61.57359725,-10.25829179,4,05/01/2022,23/12/2022
2257,Forest,-61.58963179,-10.12884932,4,05/01/2022,23/12/2022
2258,Forest,-61.64531538,-10.24138264,4,05/01/2022,23/12/2022
2259,Forest,-61.67038757,-10.14663309,4,05/01/2022,23/12/2022
2260,Forest,-61.64942104,-10.3239,4,05/01/2022,23/12/2022
2261,Forest,-61.67250306,-10.32034892,4,05/01/2022,23/12/2022
2262,Forest,-61.65009046,-10.37042302,4,05/01/2022,23/12/2022
2263,Forest,-61.65522114,-10.36242922,4,05/01/2022,23/12/2022
2264,Forest,-61.66084368,-10.39788084,4,05/01/2022,23/12/2022
2265,Forest,-61.65678234,-10.39954743,4,05/01/2022,23/12/2022
2266,Forest,-61.66002306,-10.40994299,4,05/01/2022,23/12/2022
2267,Forest,-61.6678847,-10.68201661,4,05/01/2022,23/12/2022
2268,Forest,-61.66458773,-10.66922121,4,05/01/2022,23/12/2022
2269,Forest,-61.67912974,-10.38895872,4,05/01/2022,23/12/2022
2270,Forest,-61.75190114,-10.4905816,4,05/01/2022,23/12/2022
2271,Forest,-61.75796109,-10.49827937,4,05/01/2022,23/12/2022
2272,Forest,-61.75296573,-10.5157222,4,05/01/2022,23/12/2022
2273,Forest,-61.78768761,-10.50122746,4,05/01/2022,23/12/2022
2274,Forest,-61.75370275,-10.50597715,4,05/01/2022,23/12/2022
2275,Forest,-61.66272159,-10.28519839,4,05/01/2022,23/12/2022
2276,Forest,-61.63070212,-10.24613628,4,05/01/2022,23/12/2022
2277,Forest,-61.62472406,-10.09308157,4,05/01/2022,23/12/2022
2278,Forest,-61.66689804,-10.10642984,4,05/01/2022,23/12/2022
2279,Forest,-61.66313105,-10.10266284,4,05/01/2022,23/12/2022
2280,Forest,-61.77253773,-10.09744228,4,05/01/2022,23/12/2022
2281,Forest,-61.78449385,-10.11267405,4,05/01/2022,23/12/2022
2282,Forest,-63.12210394,-9.000197837,4,05/01/2022,23/12/2022
2283,Forest,-63.12701591,-8.999576069,4,05/01/2022,23/12/2022
2284,Forest,-63.14616638,-8.916445626,4,05/01/2022,23/12/2022
2285,Forest,-62.2432146,-12.80920177,4,05/01/2022,23/12/2022
2286,Forest,-64.41287465,-12.38026289,4,05/01/2022,23/12/2022
2287,Forest,-64.39707513,-12.35939787,4,05/01/2022,23/12/2022
2288,Forest,-64.40382912,-12.3479402,4,05/01/2022,23/12/2022
2289,Forest,-64.39671331,-12.39521816,4,05/01/2022,23/12/2022
2290,Forest,-64.37681315,-12.4011279,4,05/01/2022,23/12/2022
2291,Forest,-64.39647209,-12.35324691,4,05/01/2022,23/12/2022
2292,Forest,-64.37705436,-12.34914627,4,05/01/2022,23/12/2022
2293,Forest,-64.36511427,-12.32864308,4,05/01/2022,23/12/2022
2294,Forest,-63.90511908,-10.92489793,4,05/01/2022,23/12/2022
2295,Forest,-63.87171093,-10.94238595,4,05/01/2022,23/12/2022
2296,Forest,-63.80670375,-10.94648659,4,05/01/2022,23/12/2022
2297,Forest,-63.79982915,-10.91681726,4,05/01/2022,23/12/2022
2298,Forest,-63.81176924,-10.93949138,4,05/01/2022,23/12/2022
2299,Forest,-63.81249289,-10.92887796,4,05/01/2022,23/12/2022
2300,Forest,-63.83142819,-10.91898819,4,05/01/2022,23/12/2022
2301,Forest,-63.78885391,-10.91838515,4,05/01/2022,23/12/2022
2302,Forest,-63.78270295,-10.90511838,4,05/01/2022,23/12/2022
2303,Forest,-63.81430199,-10.89944985,4,05/01/2022,23/12/2022
2304,Forest,-63.80646253,-10.89595225,4,05/01/2022,23/12/2022
2305,Forest,-63.82539784,-10.91307844,4,05/01/2022,23/12/2022
2306,Forest,-63.80368857,-10.91428451,4,05/01/2022,23/12/2022
2307,Forest,-63.78945694,-10.92248579,4,05/01/2022,23/12/2022
2308,Forest,-63.78716541,-10.89993228,4,05/01/2022,23/12/2022
2309,Forest,-63.79596972,-10.92031487,4,05/01/2022,23/12/2022
2310,Forest,-63.7716071,-10.90523899,4,05/01/2022,23/12/2022
2311,Forest,-63.79355758,-10.91175177,4,05/01/2022,23/12/2022
2312,Forest,-63.7981708,-10.91904849,4,05/01/2022,23/12/2022
2313,Forest,-63.8179202,-10.88937916,4,05/01/2022,23/12/2022
2314,Forest,-63.80103522,-10.89800257,4,05/01/2022,23/12/2022
2315,Forest,-63.80996014,-10.89528891,4,05/01/2022,23/12/2022
2316,Forest,-63.80151765,-10.89323859,4,05/01/2022,23/12/2022
2317,Forest,-63.74097292,-10.89528891,4,05/01/2022,23/12/2022
2318,Forest,-63.75616941,-10.93520983,4,05/01/2022,23/12/2022
2319,Forest,-63.77619017,-10.96198459,4,05/01/2022,23/12/2022
2321,Forest,-63.92875806,-10.88063515,4,05/01/2022,23/12/2022
2322,Forest,-63.92152163,-10.88732884,4,05/01/2022,23/12/2022
2323,Forest,-63.91784312,-10.89957046,4,05/01/2022,23/12/2022
2324,Forest,-63.90421453,-10.89323859,4,05/01/2022,23/12/2022
2325,Forest,-63.95215582,-10.9277925,4,05/01/2022,23/12/2022
2326,Forest,-63.93153202,-10.85826255,4,05/01/2022,23/12/2022
2327,Forest,-63.9826694,-10.85790073,4,05/01/2022,23/12/2022
2328,Forest,-63.90620454,-10.8161707,4,05/01/2022,23/12/2022
2329,Forest,-64.05744575,-10.76346543,4,05/01/2022,23/12/2022
2330,Forest,-64.04743537,-10.7561084,4,05/01/2022,23/12/2022
2331,Forest,-64.07047131,-10.79186839,4,05/01/2022,23/12/2022
2332,Forest,-64.07945653,-10.80676335,4,05/01/2022,23/12/2022
2333,Forest,-64.06727522,-10.80380848,4,05/01/2022,23/12/2022
2334,Forest,-64.07125525,-10.78674259,4,05/01/2022,23/12/2022
2335,Forest,-64.05165661,-10.78433045,4,05/01/2022,23/12/2022
2336,Forest,-64.04363625,-10.81092429,4,05/01/2022,23/12/2022
2337,Forest,-63.9878144,-10.7355215,4,05/01/2022,23/12/2022
2338,Forest,-63.98276144,-10.73102998,4,05/01/2022,23/12/2022
2339,Forest,-63.9682763,-10.73911471,4,05/01/2022,23/12/2022
2340,Forest,-64.00140123,-10.73001939,4,05/01/2022,23/12/2022
2341,Forest,-63.96490767,-10.72485415,4,05/01/2022,23/12/2022
2342,Forest,-64.14445071,-10.85832318,4,05/01/2022,23/12/2022
2343,Forest,-64.092627,-10.88806393,4,05/01/2022,23/12/2022
2344,Forest,-63.60163746,-10.78877968,4,05/01/2022,23/12/2022